date	numberOfDocuments
2018-01-01T00:00:00.000+0000	375
2018-01-02T00:00:00.000+0000	3707
2018-01-03T00:00:00.000+0000	998
2018-01-04T00:00:00.000+0000	444
2018-01-05T00:00:00.000+0000	434
2018-01-06T00:00:00.000+0000	365
2018-01-07T00:00:00.000+0000	281
2018-01-08T00:00:00.000+0000	251
2018-01-09T00:00:00.000+0000	301
2018-01-10T00:00:00.000+0000	397
2018-01-11T00:00:00.000+0000	387
2018-01-12T00:00:00.000+0000	288
2018-01-13T00:00:00.000+0000	294
2018-01-14T00:00:00.000+0000	288
2018-01-15T00:00:00.000+0000	335
2018-01-16T00:00:00.000+0000	268
2018-01-17T00:00:00.000+0000	3134
2018-01-18T00:00:00.000+0000	745
2018-01-19T00:00:00.000+0000	469
2018-01-20T00:00:00.000+0000	365
2018-01-21T00:00:00.000+0000	298
2018-01-22T00:00:00.000+0000	263
2018-01-23T00:00:00.000+0000	332
2018-01-24T00:00:00.000+0000	440
2018-01-25T00:00:00.000+0000	454
2018-01-26T00:00:00.000+0000	452
2018-01-27T00:00:00.000+0000	443
2018-01-28T00:00:00.000+0000	369
2018-01-29T00:00:00.000+0000	528
2018-01-30T00:00:00.000+0000	568
2018-01-31T00:00:00.000+0000	393
2018-02-01T00:00:00.000+0000	498
2018-02-02T00:00:00.000+0000	513
2018-02-03T00:00:00.000+0000	252
2018-02-04T00:00:00.000+0000	232
2018-02-05T00:00:00.000+0000	232
2018-02-06T00:00:00.000+0000	282
2018-02-07T00:00:00.000+0000	345
2018-02-08T00:00:00.000+0000	501
2018-02-09T00:00:00.000+0000	395
2018-02-10T00:00:00.000+0000	182
2018-02-11T00:00:00.000+0000	260
2018-02-12T00:00:00.000+0000	253
2018-02-13T00:00:00.000+0000	238
2018-02-14T00:00:00.000+0000	246
2018-02-15T00:00:00.000+0000	482
2018-02-16T00:00:00.000+0000	394
2018-02-17T00:00:00.000+0000	295
2018-02-18T00:00:00.000+0000	320
2018-02-19T00:00:00.000+0000	364
2018-02-20T00:00:00.000+0000	313
2018-02-21T00:00:00.000+0000	406
2018-02-22T00:00:00.000+0000	575
2018-02-23T00:00:00.000+0000	558
2018-02-24T00:00:00.000+0000	513
2018-02-25T00:00:00.000+0000	248
2018-02-26T00:00:00.000+0000	294
2018-02-27T00:00:00.000+0000	245
2018-02-28T00:00:00.000+0000	303
2018-03-01T00:00:00.000+0000	349
2018-03-02T00:00:00.000+0000	300
2018-03-03T00:00:00.000+0000	261
2018-03-04T00:00:00.000+0000	185
2018-03-05T00:00:00.000+0000	232
2018-03-06T00:00:00.000+0000	318
2018-03-07T00:00:00.000+0000	452
2018-03-08T00:00:00.000+0000	566
2018-03-09T00:00:00.000+0000	346
2018-03-10T00:00:00.000+0000	256
2018-03-11T00:00:00.000+0000	319
2018-03-12T00:00:00.000+0000	283
2018-03-13T00:00:00.000+0000	454
2018-03-14T00:00:00.000+0000	363
2018-03-15T00:00:00.000+0000	246
2018-03-16T00:00:00.000+0000	278
2018-03-17T00:00:00.000+0000	216
2018-03-18T00:00:00.000+0000	202
2018-03-19T00:00:00.000+0000	245
2018-03-20T00:00:00.000+0000	336
2018-03-21T00:00:00.000+0000	527
2018-03-22T00:00:00.000+0000	420
2018-03-23T00:00:00.000+0000	375
2018-03-24T00:00:00.000+0000	487
2018-03-25T00:00:00.000+0000	567
2018-03-26T00:00:00.000+0000	533
2018-03-27T00:00:00.000+0000	718
2018-03-28T00:00:00.000+0000	508
2018-03-29T00:00:00.000+0000	457
2018-03-30T00:00:00.000+0000	323
2018-03-31T00:00:00.000+0000	262
2018-04-01T00:00:00.000+0000	214
2018-04-02T00:00:00.000+0000	406
2018-04-03T00:00:00.000+0000	381
2018-04-04T00:00:00.000+0000	344
2018-04-05T00:00:00.000+0000	329
2018-04-06T00:00:00.000+0000	272
2018-04-07T00:00:00.000+0000	207
2018-04-08T00:00:00.000+0000	167
2018-04-09T00:00:00.000+0000	212
2018-04-10T00:00:00.000+0000	387
2018-04-11T00:00:00.000+0000	234
2018-04-12T00:00:00.000+0000	260
2018-04-13T00:00:00.000+0000	295
2018-04-14T00:00:00.000+0000	290
2018-04-15T00:00:00.000+0000	290
2018-04-16T00:00:00.000+0000	291
2018-04-17T00:00:00.000+0000	237
2018-04-18T00:00:00.000+0000	239
2018-04-19T00:00:00.000+0000	228
2018-04-20T00:00:00.000+0000	255
2018-04-21T00:00:00.000+0000	234
2018-04-22T00:00:00.000+0000	373
2018-04-23T00:00:00.000+0000	376
2018-04-24T00:00:00.000+0000	539
2018-04-25T00:00:00.000+0000	586
2018-04-26T00:00:00.000+0000	477
2018-04-27T00:00:00.000+0000	449
2018-04-28T00:00:00.000+0000	325
2018-04-29T00:00:00.000+0000	209
2018-04-30T00:00:00.000+0000	443
2018-05-01T00:00:00.000+0000	343
2018-05-02T00:00:00.000+0000	287
2018-05-03T00:00:00.000+0000	264
2018-05-04T00:00:00.000+0000	241
2018-05-05T00:00:00.000+0000	169
2018-05-06T00:00:00.000+0000	209
2018-05-07T00:00:00.000+0000	232
2018-05-08T00:00:00.000+0000	244
2018-05-09T00:00:00.000+0000	351
2018-05-10T00:00:00.000+0000	368
2018-05-11T00:00:00.000+0000	513
2018-05-12T00:00:00.000+0000	233
2018-05-13T00:00:00.000+0000	312
2018-05-14T00:00:00.000+0000	470
2018-05-15T00:00:00.000+0000	327
2018-05-16T00:00:00.000+0000	443
2018-05-17T00:00:00.000+0000	310
2018-05-18T00:00:00.000+0000	357
2018-05-19T00:00:00.000+0000	317
2018-05-20T00:00:00.000+0000	305
2018-05-21T00:00:00.000+0000	414
2018-05-22T00:00:00.000+0000	358
2018-05-23T00:00:00.000+0000	337
2018-05-24T00:00:00.000+0000	317
2018-05-25T00:00:00.000+0000	447
2018-05-26T00:00:00.000+0000	256
2018-05-27T00:00:00.000+0000	231
2018-05-28T00:00:00.000+0000	685
2018-05-29T00:00:00.000+0000	1072
2018-05-30T00:00:00.000+0000	459
2018-05-31T00:00:00.000+0000	365
2018-06-01T00:00:00.000+0000	322
2018-06-02T00:00:00.000+0000	212
2018-06-03T00:00:00.000+0000	205
2018-06-04T00:00:00.000+0000	182
2018-06-05T00:00:00.000+0000	1709
2018-06-06T00:00:00.000+0000	1618
2018-06-07T00:00:00.000+0000	1109
2018-06-08T00:00:00.000+0000	6334
2018-06-09T00:00:00.000+0000	2733
2018-06-10T00:00:00.000+0000	1240
2018-06-11T00:00:00.000+0000	766
2018-06-12T00:00:00.000+0000	749
2018-06-13T00:00:00.000+0000	681
2018-06-14T00:00:00.000+0000	550
2018-06-15T00:00:00.000+0000	435
2018-06-16T00:00:00.000+0000	504
2018-06-17T00:00:00.000+0000	921
2018-06-18T00:00:00.000+0000	710
2018-06-19T00:00:00.000+0000	630
2018-06-20T00:00:00.000+0000	512
2018-06-21T00:00:00.000+0000	449
2018-06-22T00:00:00.000+0000	343
2018-06-23T00:00:00.000+0000	266
2018-06-24T00:00:00.000+0000	297
2018-06-25T00:00:00.000+0000	320
2018-06-26T00:00:00.000+0000	795
2018-06-27T00:00:00.000+0000	511
2018-06-28T00:00:00.000+0000	390
2018-06-29T00:00:00.000+0000	348
2018-06-30T00:00:00.000+0000	266
2018-07-01T00:00:00.000+0000	215
2018-07-02T00:00:00.000+0000	271
2018-07-03T00:00:00.000+0000	210
2018-07-04T00:00:00.000+0000	237
2018-07-05T00:00:00.000+0000	211
2018-07-06T00:00:00.000+0000	210
2018-07-07T00:00:00.000+0000	282
2018-07-08T00:00:00.000+0000	342
2018-07-09T00:00:00.000+0000	202
2018-07-10T00:00:00.000+0000	175
2018-07-11T00:00:00.000+0000	252
2018-07-12T00:00:00.000+0000	200
2018-07-13T00:00:00.000+0000	286
2018-07-14T00:00:00.000+0000	224
2018-07-15T00:00:00.000+0000	180
2018-07-16T00:00:00.000+0000	188
2018-07-17T00:00:00.000+0000	211
2018-07-18T00:00:00.000+0000	215
2018-07-19T00:00:00.000+0000	246
2018-07-20T00:00:00.000+0000	228
2018-07-21T00:00:00.000+0000	233
2018-07-22T00:00:00.000+0000	258
2018-07-23T00:00:00.000+0000	248
2018-07-24T00:00:00.000+0000	276
2018-07-25T00:00:00.000+0000	300
2018-07-26T00:00:00.000+0000	340
2018-07-27T00:00:00.000+0000	355
2018-07-28T00:00:00.000+0000	263
2018-07-29T00:00:00.000+0000	200
2018-07-30T00:00:00.000+0000	259
2018-07-31T00:00:00.000+0000	234
2018-08-01T00:00:00.000+0000	236
2018-08-02T00:00:00.000+0000	218
2018-08-03T00:00:00.000+0000	293
2018-08-04T00:00:00.000+0000	220
2018-08-05T00:00:00.000+0000	228
2018-08-06T00:00:00.000+0000	186
2018-08-07T00:00:00.000+0000	217
2018-08-08T00:00:00.000+0000	217
2018-08-09T00:00:00.000+0000	195
2018-08-10T00:00:00.000+0000	202
2018-08-11T00:00:00.000+0000	1083
2018-08-12T00:00:00.000+0000	354
2018-08-13T00:00:00.000+0000	254
2018-08-14T00:00:00.000+0000	303
2018-08-15T00:00:00.000+0000	367
2018-08-16T00:00:00.000+0000	306
2018-08-17T00:00:00.000+0000	334
2018-08-18T00:00:00.000+0000	192
2018-08-19T00:00:00.000+0000	238
2018-08-20T00:00:00.000+0000	187
2018-08-21T00:00:00.000+0000	156
2018-08-22T00:00:00.000+0000	233
2018-08-23T00:00:00.000+0000	322
2018-08-24T00:00:00.000+0000	389
2018-08-25T00:00:00.000+0000	279
2018-08-26T00:00:00.000+0000	181
2018-08-27T00:00:00.000+0000	271
2018-08-28T00:00:00.000+0000	441
2018-08-29T00:00:00.000+0000	401
2018-08-30T00:00:00.000+0000	290
2018-08-31T00:00:00.000+0000	247
2018-09-01T00:00:00.000+0000	259
2018-09-02T00:00:00.000+0000	216
2018-09-03T00:00:00.000+0000	195
2018-09-04T00:00:00.000+0000	248
2018-09-05T00:00:00.000+0000	337
2018-09-06T00:00:00.000+0000	338
2018-09-07T00:00:00.000+0000	426
2018-09-08T00:00:00.000+0000	373
2018-09-09T00:00:00.000+0000	457
2018-09-10T00:00:00.000+0000	1352
2018-09-11T00:00:00.000+0000	788
2018-09-12T00:00:00.000+0000	395
2018-09-13T00:00:00.000+0000	282
2018-09-14T00:00:00.000+0000	310
2018-09-15T00:00:00.000+0000	379
2018-09-16T00:00:00.000+0000	214
2018-09-17T00:00:00.000+0000	389
2018-09-18T00:00:00.000+0000	315
2018-09-19T00:00:00.000+0000	337
2018-09-20T00:00:00.000+0000	289
2018-09-21T00:00:00.000+0000	360
2018-09-22T00:00:00.000+0000	430
2018-09-23T00:00:00.000+0000	250
2018-09-24T00:00:00.000+0000	204
2018-09-25T00:00:00.000+0000	200
2018-09-26T00:00:00.000+0000	270
2018-09-27T00:00:00.000+0000	302
2018-09-28T00:00:00.000+0000	256
2018-09-29T00:00:00.000+0000	204
2018-09-30T00:00:00.000+0000	198
2018-10-01T00:00:00.000+0000	180
2018-10-02T00:00:00.000+0000	159
2018-10-03T00:00:00.000+0000	284
2018-10-04T00:00:00.000+0000	297
2018-10-05T00:00:00.000+0000	271
2018-10-06T00:00:00.000+0000	188
2018-10-07T00:00:00.000+0000	217
2018-10-08T00:00:00.000+0000	198
2018-10-09T00:00:00.000+0000	339
2018-10-10T00:00:00.000+0000	364
2018-10-11T00:00:00.000+0000	357
2018-10-12T00:00:00.000+0000	221
2018-10-13T00:00:00.000+0000	174
2018-10-14T00:00:00.000+0000	200
2018-10-15T00:00:00.000+0000	177
2018-10-16T00:00:00.000+0000	214
2018-10-17T00:00:00.000+0000	190
2018-10-18T00:00:00.000+0000	237
2018-10-19T00:00:00.000+0000	205
2018-10-20T00:00:00.000+0000	306
2018-10-21T00:00:00.000+0000	198
2018-10-22T00:00:00.000+0000	320
2018-10-23T00:00:00.000+0000	349
2018-10-24T00:00:00.000+0000	238
2018-10-25T00:00:00.000+0000	198
2018-10-26T00:00:00.000+0000	163
2018-10-27T00:00:00.000+0000	198
2018-10-28T00:00:00.000+0000	131
2018-10-29T00:00:00.000+0000	298
2018-10-30T00:00:00.000+0000	209
2018-10-31T00:00:00.000+0000	274
2018-11-01T00:00:00.000+0000	306
2018-11-02T00:00:00.000+0000	281
2018-11-03T00:00:00.000+0000	182
2018-11-04T00:00:00.000+0000	166
2018-11-05T00:00:00.000+0000	162
2018-11-06T00:00:00.000+0000	170
2018-11-07T00:00:00.000+0000	251
2018-11-08T00:00:00.000+0000	389
2018-11-09T00:00:00.000+0000	294
2018-11-10T00:00:00.000+0000	245
2018-11-11T00:00:00.000+0000	268
2018-11-12T00:00:00.000+0000	204
2018-11-13T00:00:00.000+0000	244
2018-11-14T00:00:00.000+0000	196
2018-11-15T00:00:00.000+0000	205
2018-11-16T00:00:00.000+0000	217
2018-11-17T00:00:00.000+0000	293
2018-11-18T00:00:00.000+0000	288
2018-11-19T00:00:00.000+0000	233
2018-11-20T00:00:00.000+0000	251
2018-11-21T00:00:00.000+0000	354
2018-11-22T00:00:00.000+0000	292
2018-11-23T00:00:00.000+0000	191
2018-11-24T00:00:00.000+0000	174
2018-11-25T00:00:00.000+0000	228
2018-11-26T00:00:00.000+0000	406
2018-11-27T00:00:00.000+0000	224
2018-11-28T00:00:00.000+0000	237
2018-11-29T00:00:00.000+0000	327
2018-11-30T00:00:00.000+0000	219
2018-12-01T00:00:00.000+0000	243
2018-12-02T00:00:00.000+0000	295
2018-12-03T00:00:00.000+0000	296
2018-12-04T00:00:00.000+0000	223
2018-12-05T00:00:00.000+0000	223
2018-12-06T00:00:00.000+0000	259
2018-12-07T00:00:00.000+0000	210
2018-12-08T00:00:00.000+0000	195
2018-12-09T00:00:00.000+0000	224
2018-12-10T00:00:00.000+0000	519
2018-12-11T00:00:00.000+0000	384
2018-12-12T00:00:00.000+0000	270
2018-12-13T00:00:00.000+0000	323
2018-12-14T00:00:00.000+0000	264
2018-12-15T00:00:00.000+0000	332
2018-12-16T00:00:00.000+0000	391
2018-12-17T00:00:00.000+0000	351
2018-12-18T00:00:00.000+0000	291
2018-12-19T00:00:00.000+0000	367
2018-12-20T00:00:00.000+0000	438
2018-12-21T00:00:00.000+0000	239
2018-12-22T00:00:00.000+0000	186
2018-12-23T00:00:00.000+0000	176
2018-12-24T00:00:00.000+0000	344
2018-12-25T00:00:00.000+0000	418
2018-12-26T00:00:00.000+0000	260
2018-12-27T00:00:00.000+0000	278
2018-12-28T00:00:00.000+0000	304
2018-12-29T00:00:00.000+0000	335
2018-12-30T00:00:00.000+0000	222
2018-12-31T00:00:00.000+0000	240
2019-01-01T00:00:00.000+0000	344
2019-01-02T00:00:00.000+0000	333
2019-01-03T00:00:00.000+0000	202
2019-01-04T00:00:00.000+0000	141
2019-01-05T00:00:00.000+0000	127
2019-01-06T00:00:00.000+0000	108
2019-01-07T00:00:00.000+0000	174
2019-01-08T00:00:00.000+0000	244
2019-01-09T00:00:00.000+0000	280
2019-01-10T00:00:00.000+0000	260
2019-01-11T00:00:00.000+0000	235
2019-01-12T00:00:00.000+0000	346
2019-01-13T00:00:00.000+0000	155
2019-01-14T00:00:00.000+0000	159
2019-01-15T00:00:00.000+0000	187
2019-01-16T00:00:00.000+0000	822
2019-01-17T00:00:00.000+0000	475
2019-01-18T00:00:00.000+0000	368
2019-01-19T00:00:00.000+0000	355
2019-01-20T00:00:00.000+0000	208
2019-01-21T00:00:00.000+0000	371
2019-01-22T00:00:00.000+0000	243
2019-01-23T00:00:00.000+0000	245
2019-01-24T00:00:00.000+0000	271
2019-01-25T00:00:00.000+0000	242
2019-01-26T00:00:00.000+0000	189
2019-01-27T00:00:00.000+0000	175
2019-01-28T00:00:00.000+0000	387
2019-01-29T00:00:00.000+0000	301
2019-01-30T00:00:00.000+0000	371
2019-01-31T00:00:00.000+0000	488
2019-02-01T00:00:00.000+0000	262
2019-02-02T00:00:00.000+0000	178
2019-02-03T00:00:00.000+0000	211
2019-02-04T00:00:00.000+0000	245
2019-02-05T00:00:00.000+0000	186
2019-02-06T00:00:00.000+0000	218
2019-02-07T00:00:00.000+0000	328
2019-02-08T00:00:00.000+0000	211
2019-02-09T00:00:00.000+0000	267
2019-02-10T00:00:00.000+0000	422
2019-02-11T00:00:00.000+0000	542
2019-02-12T00:00:00.000+0000	260
2019-02-13T00:00:00.000+0000	251
2019-02-14T00:00:00.000+0000	298
2019-02-15T00:00:00.000+0000	290
2019-02-16T00:00:00.000+0000	253
2019-02-17T00:00:00.000+0000	161
2019-02-18T00:00:00.000+0000	236
2019-02-19T00:00:00.000+0000	267
2019-02-20T00:00:00.000+0000	248
2019-02-21T00:00:00.000+0000	254
2019-02-22T00:00:00.000+0000	253
2019-02-23T00:00:00.000+0000	331
2019-02-24T00:00:00.000+0000	240
2019-02-25T00:00:00.000+0000	239
2019-02-26T00:00:00.000+0000	293
2019-02-27T00:00:00.000+0000	247
2019-02-28T00:00:00.000+0000	240
2019-03-01T00:00:00.000+0000	311
2019-03-02T00:00:00.000+0000	169
2019-03-03T00:00:00.000+0000	236
2019-03-04T00:00:00.000+0000	289
2019-03-05T00:00:00.000+0000	434
2019-03-06T00:00:00.000+0000	443
2019-03-07T00:00:00.000+0000	346
2019-03-08T00:00:00.000+0000	264
2019-03-09T00:00:00.000+0000	152
2019-03-10T00:00:00.000+0000	115
2019-03-11T00:00:00.000+0000	278
2019-03-12T00:00:00.000+0000	203
2019-03-13T00:00:00.000+0000	235
2019-03-14T00:00:00.000+0000	250
2019-03-15T00:00:00.000+0000	332
2019-03-16T00:00:00.000+0000	213
2019-03-17T00:00:00.000+0000	140
2019-03-18T00:00:00.000+0000	178
2019-03-19T00:00:00.000+0000	364
2019-03-20T00:00:00.000+0000	329
2019-03-21T00:00:00.000+0000	316
2019-03-22T00:00:00.000+0000	348
2019-03-23T00:00:00.000+0000	378
2019-03-24T00:00:00.000+0000	1022
2019-03-25T00:00:00.000+0000	1314
2019-03-26T00:00:00.000+0000	691
2019-03-27T00:00:00.000+0000	382
2019-03-28T00:00:00.000+0000	417
2019-03-29T00:00:00.000+0000	365
2019-03-30T00:00:00.000+0000	206
2019-03-31T00:00:00.000+0000	183
2019-04-01T00:00:00.000+0000	180
2019-04-02T00:00:00.000+0000	291
2019-04-03T00:00:00.000+0000	341
2019-04-04T00:00:00.000+0000	382
2019-04-05T00:00:00.000+0000	352
2019-04-06T00:00:00.000+0000	204
2019-04-07T00:00:00.000+0000	181
2019-04-08T00:00:00.000+0000	226
2019-04-09T00:00:00.000+0000	219
2019-04-10T00:00:00.000+0000	239
2019-04-11T00:00:00.000+0000	224
2019-04-12T00:00:00.000+0000	246
2019-04-13T00:00:00.000+0000	196
2019-04-14T00:00:00.000+0000	180
2019-04-15T00:00:00.000+0000	164
2019-04-16T00:00:00.000+0000	242
2019-04-17T00:00:00.000+0000	307
2019-04-18T00:00:00.000+0000	273
2019-04-19T00:00:00.000+0000	185
2019-04-20T00:00:00.000+0000	166
2019-04-21T00:00:00.000+0000	237
2019-04-22T00:00:00.000+0000	324
2019-04-23T00:00:00.000+0000	355
2019-04-24T00:00:00.000+0000	411
2019-04-25T00:00:00.000+0000	304
2019-04-26T00:00:00.000+0000	275
2019-04-27T00:00:00.000+0000	217
2019-04-28T00:00:00.000+0000	250
2019-04-29T00:00:00.000+0000	253
2019-04-30T00:00:00.000+0000	347
2019-05-01T00:00:00.000+0000	337
2019-05-02T00:00:00.000+0000	294
2019-05-03T00:00:00.000+0000	249
2019-05-04T00:00:00.000+0000	201
2019-05-05T00:00:00.000+0000	219
2019-05-06T00:00:00.000+0000	224
2019-05-07T00:00:00.000+0000	301
2019-05-08T00:00:00.000+0000	293
2019-05-09T00:00:00.000+0000	279
2019-05-10T00:00:00.000+0000	190
2019-05-11T00:00:00.000+0000	230
2019-05-12T00:00:00.000+0000	215
2019-05-13T00:00:00.000+0000	190
2019-05-14T00:00:00.000+0000	319
2019-05-15T00:00:00.000+0000	269
2019-05-16T00:00:00.000+0000	402
2019-05-17T00:00:00.000+0000	425
2019-05-18T00:00:00.000+0000	307
2019-05-19T00:00:00.000+0000	248
2019-05-20T00:00:00.000+0000	209
2019-05-21T00:00:00.000+0000	267
2019-05-22T00:00:00.000+0000	237
2019-05-23T00:00:00.000+0000	318
2019-05-24T00:00:00.000+0000	347
2019-05-25T00:00:00.000+0000	308
2019-05-26T00:00:00.000+0000	284
2019-05-27T00:00:00.000+0000	307
2019-05-28T00:00:00.000+0000	266
2019-05-29T00:00:00.000+0000	188
2019-05-30T00:00:00.000+0000	179
2019-05-31T00:00:00.000+0000	210
2019-06-01T00:00:00.000+0000	249
2019-06-02T00:00:00.000+0000	217
2019-06-03T00:00:00.000+0000	342
2019-06-04T00:00:00.000+0000	410
2019-06-05T00:00:00.000+0000	283
2019-06-06T00:00:00.000+0000	260
2019-06-07T00:00:00.000+0000	383
2019-06-08T00:00:00.000+0000	255
2019-06-09T00:00:00.000+0000	238
2019-06-10T00:00:00.000+0000	232
2019-06-11T00:00:00.000+0000	243
2019-06-12T00:00:00.000+0000	361
2019-06-13T00:00:00.000+0000	337
2019-06-14T00:00:00.000+0000	276
2019-06-15T00:00:00.000+0000	224
2019-06-16T00:00:00.000+0000	158
2019-06-17T00:00:00.000+0000	224
2019-06-18T00:00:00.000+0000	242
2019-06-19T00:00:00.000+0000	200
2019-06-20T00:00:00.000+0000	212
2019-06-21T00:00:00.000+0000	288
2019-06-22T00:00:00.000+0000	184
2019-06-23T00:00:00.000+0000	168
2019-06-24T00:00:00.000+0000	202
2019-06-25T00:00:00.000+0000	466
2019-06-26T00:00:00.000+0000	347
2019-06-27T00:00:00.000+0000	352
2019-06-28T00:00:00.000+0000	218
2019-06-29T00:00:00.000+0000	278
2019-06-30T00:00:00.000+0000	236
2019-07-01T00:00:00.000+0000	211
2019-07-02T00:00:00.000+0000	194
2019-07-03T00:00:00.000+0000	200
2019-07-04T00:00:00.000+0000	162
2019-07-05T00:00:00.000+0000	193
2019-07-06T00:00:00.000+0000	253
2019-07-07T00:00:00.000+0000	220
2019-07-08T00:00:00.000+0000	240
2019-07-09T00:00:00.000+0000	225
2019-07-10T00:00:00.000+0000	205
2019-07-11T00:00:00.000+0000	276
2019-07-12T00:00:00.000+0000	199
2019-07-13T00:00:00.000+0000	154
2019-07-14T00:00:00.000+0000	161
2019-07-15T00:00:00.000+0000	229
2019-07-16T00:00:00.000+0000	284
2019-07-17T00:00:00.000+0000	181
2019-07-18T00:00:00.000+0000	215
2019-07-19T00:00:00.000+0000	245
2019-07-20T00:00:00.000+0000	157
2019-07-21T00:00:00.000+0000	203
2019-07-22T00:00:00.000+0000	232
2019-07-23T00:00:00.000+0000	314
2019-07-24T00:00:00.000+0000	313
2019-07-25T00:00:00.000+0000	763
2019-07-26T00:00:00.000+0000	315
2019-07-27T00:00:00.000+0000	224
2019-07-28T00:00:00.000+0000	316
2019-07-29T00:00:00.000+0000	372
2019-07-30T00:00:00.000+0000	200
2019-07-31T00:00:00.000+0000	229
2019-08-01T00:00:00.000+0000	288
2019-08-02T00:00:00.000+0000	232
2019-08-03T00:00:00.000+0000	201
2019-08-04T00:00:00.000+0000	586
2019-08-05T00:00:00.000+0000	709
2019-08-06T00:00:00.000+0000	374
2019-08-07T00:00:00.000+0000	190
2019-08-08T00:00:00.000+0000	271
2019-08-09T00:00:00.000+0000	360
2019-08-10T00:00:00.000+0000	7609
2019-08-11T00:00:00.000+0000	3649
2019-08-12T00:00:00.000+0000	1431
2019-08-13T00:00:00.000+0000	807
2019-08-14T00:00:00.000+0000	560
2019-08-15T00:00:00.000+0000	873
2019-08-16T00:00:00.000+0000	592
2019-08-17T00:00:00.000+0000	469
2019-08-18T00:00:00.000+0000	343
2019-08-19T00:00:00.000+0000	413
2019-08-20T00:00:00.000+0000	392
2019-08-21T00:00:00.000+0000	368
2019-08-22T00:00:00.000+0000	341
2019-08-23T00:00:00.000+0000	285
2019-08-24T00:00:00.000+0000	232
2019-08-25T00:00:00.000+0000	186
2019-08-26T00:00:00.000+0000	191
2019-08-27T00:00:00.000+0000	336
2019-08-28T00:00:00.000+0000	307
2019-08-29T00:00:00.000+0000	447
2019-08-30T00:00:00.000+0000	294
2019-08-31T00:00:00.000+0000	168
2019-09-01T00:00:00.000+0000	349
2019-09-02T00:00:00.000+0000	317
2019-09-03T00:00:00.000+0000	442
2019-09-04T00:00:00.000+0000	418
2019-09-05T00:00:00.000+0000	325
2019-09-06T00:00:00.000+0000	305
2019-09-07T00:00:00.000+0000	232
2019-09-08T00:00:00.000+0000	322
2019-09-09T00:00:00.000+0000	436
2019-09-10T00:00:00.000+0000	1255
2019-09-11T00:00:00.000+0000	1125
2019-09-12T00:00:00.000+0000	514
2019-09-13T00:00:00.000+0000	434
2019-09-14T00:00:00.000+0000	364
2019-09-15T00:00:00.000+0000	260
2019-09-16T00:00:00.000+0000	204
2019-09-17T00:00:00.000+0000	231
2019-09-18T00:00:00.000+0000	251
2019-09-19T00:00:00.000+0000	316
2019-09-20T00:00:00.000+0000	357
2019-09-21T00:00:00.000+0000	287
2019-09-22T00:00:00.000+0000	229
2019-09-23T00:00:00.000+0000	181
2019-09-24T00:00:00.000+0000	249
2019-09-25T00:00:00.000+0000	286
2019-09-26T00:00:00.000+0000	308
2019-09-27T00:00:00.000+0000	331
2019-09-28T00:00:00.000+0000	232
2019-09-29T00:00:00.000+0000	189
2019-09-30T00:00:00.000+0000	273
2019-10-01T00:00:00.000+0000	339
2019-10-02T00:00:00.000+0000	248
2019-10-03T00:00:00.000+0000	310
2019-10-04T00:00:00.000+0000	248
2019-10-05T00:00:00.000+0000	208
2019-10-06T00:00:00.000+0000	252
2019-10-07T00:00:00.000+0000	342
2019-10-08T00:00:00.000+0000	422
2019-10-09T00:00:00.000+0000	294
2019-10-10T00:00:00.000+0000	370
2019-10-11T00:00:00.000+0000	329
2019-10-12T00:00:00.000+0000	231
2019-10-13T00:00:00.000+0000	191
2019-10-14T00:00:00.000+0000	303
2019-10-15T00:00:00.000+0000	223
2019-10-16T00:00:00.000+0000	247
2019-10-17T00:00:00.000+0000	316
2019-10-18T00:00:00.000+0000	263
2019-10-19T00:00:00.000+0000	254
2019-10-20T00:00:00.000+0000	186
2019-10-21T00:00:00.000+0000	223
2019-10-22T00:00:00.000+0000	318
2019-10-23T00:00:00.000+0000	299
2019-10-24T00:00:00.000+0000	324
2019-10-25T00:00:00.000+0000	191
2019-10-26T00:00:00.000+0000	188
2019-10-27T00:00:00.000+0000	444
2019-10-28T00:00:00.000+0000	284
2019-10-29T00:00:00.000+0000	239
2019-10-30T00:00:00.000+0000	787
2019-10-31T00:00:00.000+0000	328
2019-11-01T00:00:00.000+0000	176
2019-11-02T00:00:00.000+0000	147
2019-11-03T00:00:00.000+0000	136
2019-11-04T00:00:00.000+0000	183
2019-11-05T00:00:00.000+0000	252
2019-11-06T00:00:00.000+0000	274
2019-11-07T00:00:00.000+0000	203
2019-11-08T00:00:00.000+0000	209
2019-11-09T00:00:00.000+0000	261
2019-11-10T00:00:00.000+0000	375
2019-11-11T00:00:00.000+0000	361
2019-11-12T00:00:00.000+0000	280
2019-11-13T00:00:00.000+0000	214
2019-11-14T00:00:00.000+0000	222
2019-11-15T00:00:00.000+0000	236
2019-11-16T00:00:00.000+0000	395
2019-11-17T00:00:00.000+0000	242
2019-11-18T00:00:00.000+0000	275
2019-11-19T00:00:00.000+0000	329
2019-11-20T00:00:00.000+0000	309
2019-11-21T00:00:00.000+0000	248
2019-11-22T00:00:00.000+0000	305
2019-11-23T00:00:00.000+0000	239
2019-11-24T00:00:00.000+0000	258
2019-11-25T00:00:00.000+0000	296
2019-11-26T00:00:00.000+0000	417
2019-11-27T00:00:00.000+0000	415
2019-11-28T00:00:00.000+0000	252
2019-11-29T00:00:00.000+0000	357
2019-11-30T00:00:00.000+0000	467
2019-12-01T00:00:00.000+0000	241
2019-12-02T00:00:00.000+0000	195
2019-12-03T00:00:00.000+0000	199
2019-12-04T00:00:00.000+0000	216
2019-12-05T00:00:00.000+0000	254
2019-12-06T00:00:00.000+0000	257
2019-12-07T00:00:00.000+0000	189
2019-12-08T00:00:00.000+0000	271
2019-12-09T00:00:00.000+0000	230
2019-12-10T00:00:00.000+0000	288
2019-12-11T00:00:00.000+0000	233
2019-12-12T00:00:00.000+0000	228
2019-12-13T00:00:00.000+0000	269
2019-12-14T00:00:00.000+0000	204
2019-12-15T00:00:00.000+0000	149
2019-12-16T00:00:00.000+0000	181
2019-12-17T00:00:00.000+0000	242
2019-12-18T00:00:00.000+0000	191
2019-12-19T00:00:00.000+0000	353
2019-12-20T00:00:00.000+0000	550
2019-12-21T00:00:00.000+0000	378
2019-12-22T00:00:00.000+0000	942
2019-12-23T00:00:00.000+0000	796
2019-12-24T00:00:00.000+0000	598
2019-12-25T00:00:00.000+0000	323
2019-12-26T00:00:00.000+0000	317
2019-12-27T00:00:00.000+0000	272
2019-12-28T00:00:00.000+0000	258
2019-12-29T00:00:00.000+0000	189
2019-12-30T00:00:00.000+0000	240
2019-12-31T00:00:00.000+0000	251
2020-01-01T00:00:00.000+0000	233
2020-01-02T00:00:00.000+0000	394
2020-01-03T00:00:00.000+0000	298
2020-01-04T00:00:00.000+0000	230
2020-01-05T00:00:00.000+0000	226
2020-01-06T00:00:00.000+0000	419
2020-01-07T00:00:00.000+0000	294
2020-01-08T00:00:00.000+0000	435
2020-01-09T00:00:00.000+0000	477
2020-01-10T00:00:00.000+0000	553
2020-01-11T00:00:00.000+0000	274
2020-01-12T00:00:00.000+0000	213
2020-01-13T00:00:00.000+0000	211
2020-01-14T00:00:00.000+0000	269
2020-01-15T00:00:00.000+0000	328
2020-01-16T00:00:00.000+0000	331
2020-01-17T00:00:00.000+0000	215
2020-01-18T00:00:00.000+0000	206
2020-01-19T00:00:00.000+0000	185
2020-01-20T00:00:00.000+0000	282
2020-01-21T00:00:00.000+0000	275
2020-01-22T00:00:00.000+0000	266
2020-01-23T00:00:00.000+0000	462
2020-01-24T00:00:00.000+0000	350
2020-01-25T00:00:00.000+0000	203
2020-01-26T00:00:00.000+0000	203
2020-01-27T00:00:00.000+0000	257
2020-01-28T00:00:00.000+0000	286
2020-01-29T00:00:00.000+0000	210
2020-01-30T00:00:00.000+0000	316
2020-01-31T00:00:00.000+0000	282
2020-02-01T00:00:00.000+0000	272
2020-02-02T00:00:00.000+0000	207
2020-02-03T00:00:00.000+0000	225
2020-02-04T00:00:00.000+0000	251
2020-02-05T00:00:00.000+0000	361
2020-02-06T00:00:00.000+0000	215
2020-02-07T00:00:00.000+0000	236
2020-02-08T00:00:00.000+0000	270
2020-02-09T00:00:00.000+0000	183
2020-02-10T00:00:00.000+0000	304
2020-02-11T00:00:00.000+0000	330
2020-02-12T00:00:00.000+0000	325
2020-02-13T00:00:00.000+0000	289
2020-02-14T00:00:00.000+0000	345
2020-02-15T00:00:00.000+0000	243
2020-02-16T00:00:00.000+0000	252
2020-02-17T00:00:00.000+0000	258
2020-02-18T00:00:00.000+0000	267
2020-02-19T00:00:00.000+0000	316
2020-02-20T00:00:00.000+0000	487
2020-02-21T00:00:00.000+0000	692
2020-02-22T00:00:00.000+0000	338
2020-02-23T00:00:00.000+0000	329
2020-02-24T00:00:00.000+0000	250
2020-02-25T00:00:00.000+0000	296
2020-02-26T00:00:00.000+0000	254
2020-02-27T00:00:00.000+0000	238
2020-02-28T00:00:00.000+0000	351
2020-02-29T00:00:00.000+0000	301
2020-03-01T00:00:00.000+0000	154
2020-03-02T00:00:00.000+0000	226
2020-03-03T00:00:00.000+0000	276
2020-03-04T00:00:00.000+0000	225
2020-03-05T00:00:00.000+0000	201
2020-03-06T00:00:00.000+0000	208
2020-03-07T00:00:00.000+0000	196
2020-03-08T00:00:00.000+0000	132
2020-03-09T00:00:00.000+0000	210
2020-03-10T00:00:00.000+0000	181
2020-03-11T00:00:00.000+0000	235
2020-03-12T00:00:00.000+0000	338
2020-03-13T00:00:00.000+0000	208
2020-03-14T00:00:00.000+0000	132
2020-03-15T00:00:00.000+0000	193
2020-03-16T00:00:00.000+0000	233
2020-03-17T00:00:00.000+0000	195
2020-03-18T00:00:00.000+0000	165
2020-03-19T00:00:00.000+0000	221
2020-03-20T00:00:00.000+0000	202
2020-03-21T00:00:00.000+0000	141
2020-03-22T00:00:00.000+0000	524
2020-03-23T00:00:00.000+0000	485
2020-03-24T00:00:00.000+0000	488
2020-03-25T00:00:00.000+0000	504
2020-03-26T00:00:00.000+0000	222
2020-03-27T00:00:00.000+0000	211
2020-03-28T00:00:00.000+0000	152
2020-03-29T00:00:00.000+0000	218
2020-03-30T00:00:00.000+0000	237
2020-03-31T00:00:00.000+0000	291
2020-04-01T00:00:00.000+0000	337
2020-04-02T00:00:00.000+0000	229
2020-04-03T00:00:00.000+0000	196
2020-04-04T00:00:00.000+0000	208
2020-04-05T00:00:00.000+0000	219
2020-04-06T00:00:00.000+0000	171
2020-04-07T00:00:00.000+0000	190
2020-04-08T00:00:00.000+0000	163
2020-04-09T00:00:00.000+0000	155
2020-04-10T00:00:00.000+0000	170
2020-04-11T00:00:00.000+0000	180
2020-04-12T00:00:00.000+0000	178
2020-04-13T00:00:00.000+0000	230
2020-04-14T00:00:00.000+0000	160
2020-04-15T00:00:00.000+0000	220
2020-04-16T00:00:00.000+0000	205
2020-04-17T00:00:00.000+0000	157
2020-04-18T00:00:00.000+0000	227
2020-04-19T00:00:00.000+0000	191
2020-04-20T00:00:00.000+0000	191
2020-04-21T00:00:00.000+0000	236
2020-04-22T00:00:00.000+0000	263
2020-04-23T00:00:00.000+0000	229
2020-04-24T00:00:00.000+0000	272
2020-04-25T00:00:00.000+0000	273
2020-04-26T00:00:00.000+0000	250
2020-04-27T00:00:00.000+0000	434
2020-04-28T00:00:00.000+0000	578
2020-04-29T00:00:00.000+0000	291
2020-04-30T00:00:00.000+0000	249
2020-05-01T00:00:00.000+0000	211
2020-05-02T00:00:00.000+0000	203
2020-05-03T00:00:00.000+0000	176
2020-05-04T00:00:00.000+0000	204
2020-05-05T00:00:00.000+0000	253
2020-05-06T00:00:00.000+0000	262
2020-05-07T00:00:00.000+0000	237
2020-05-08T00:00:00.000+0000	197
2020-05-09T00:00:00.000+0000	170
2020-05-10T00:00:00.000+0000	150
2020-05-11T00:00:00.000+0000	218
2020-05-12T00:00:00.000+0000	195
2020-05-13T00:00:00.000+0000	202
2020-05-14T00:00:00.000+0000	273
2020-05-15T00:00:00.000+0000	338
2020-05-16T00:00:00.000+0000	173
2020-05-17T00:00:00.000+0000	217
2020-05-18T00:00:00.000+0000	215
2020-05-19T00:00:00.000+0000	207
2020-05-20T00:00:00.000+0000	242
2020-05-21T00:00:00.000+0000	233
2020-05-22T00:00:00.000+0000	309
2020-05-23T00:00:00.000+0000	342
2020-05-24T00:00:00.000+0000	241
2020-05-25T00:00:00.000+0000	288
2020-05-26T00:00:00.000+0000	685
2020-05-27T00:00:00.000+0000	332
2020-05-28T00:00:00.000+0000	267
2020-05-29T00:00:00.000+0000	185
2020-05-30T00:00:00.000+0000	224
2020-05-31T00:00:00.000+0000	489
2020-06-01T00:00:00.000+0000	303
2020-06-02T00:00:00.000+0000	363
2020-06-03T00:00:00.000+0000	205
2020-06-04T00:00:00.000+0000	949
2020-06-05T00:00:00.000+0000	1542
2020-06-06T00:00:00.000+0000	1048
2020-06-07T00:00:00.000+0000	617
2020-06-08T00:00:00.000+0000	380
2020-06-09T00:00:00.000+0000	296
2020-06-10T00:00:00.000+0000	387
2020-06-11T00:00:00.000+0000	189
2020-06-12T00:00:00.000+0000	1346
2020-06-13T00:00:00.000+0000	2156
2020-06-14T00:00:00.000+0000	1441
2020-06-15T00:00:00.000+0000	1983
2020-06-16T00:00:00.000+0000	1962
2020-06-17T00:00:00.000+0000	2094
2020-06-18T00:00:00.000+0000	1714
2020-06-19T00:00:00.000+0000	935
2020-06-20T00:00:00.000+0000	1259
2020-06-21T00:00:00.000+0000	1053
2020-06-22T00:00:00.000+0000	700
2020-06-23T00:00:00.000+0000	1190
2020-06-24T00:00:00.000+0000	879
2020-06-25T00:00:00.000+0000	452
2020-06-26T00:00:00.000+0000	660
2020-06-27T00:00:00.000+0000	516
2020-06-28T00:00:00.000+0000	400
2020-06-29T00:00:00.000+0000	322
2020-06-30T00:00:00.000+0000	406
2020-07-01T00:00:00.000+0000	466
2020-07-02T00:00:00.000+0000	1653
2020-07-03T00:00:00.000+0000	1260
2020-07-04T00:00:00.000+0000	916
2020-07-05T00:00:00.000+0000	447
2020-07-06T00:00:00.000+0000	469
2020-07-07T00:00:00.000+0000	609
2020-07-08T00:00:00.000+0000	501
2020-07-09T00:00:00.000+0000	335
2020-07-10T00:00:00.000+0000	381
2020-07-11T00:00:00.000+0000	257
2020-07-12T00:00:00.000+0000	345
2020-07-13T00:00:00.000+0000	516
2020-07-14T00:00:00.000+0000	297
2020-07-15T00:00:00.000+0000	258
2020-07-16T00:00:00.000+0000	379
2020-07-17T00:00:00.000+0000	276
2020-07-18T00:00:00.000+0000	185
2020-07-19T00:00:00.000+0000	151
2020-07-20T00:00:00.000+0000	540
2020-07-21T00:00:00.000+0000	422
2020-07-22T00:00:00.000+0000	316
2020-07-23T00:00:00.000+0000	194
2020-07-24T00:00:00.000+0000	211
2020-07-25T00:00:00.000+0000	585
2020-07-26T00:00:00.000+0000	244
2020-07-27T00:00:00.000+0000	192
2020-07-28T00:00:00.000+0000	321
2020-07-29T00:00:00.000+0000	278
2020-07-30T00:00:00.000+0000	304
2020-07-31T00:00:00.000+0000	268
2020-08-01T00:00:00.000+0000	142
2020-08-02T00:00:00.000+0000	161
2020-08-03T00:00:00.000+0000	157
2020-08-04T00:00:00.000+0000	234
2020-08-05T00:00:00.000+0000	254
2020-08-06T00:00:00.000+0000	488
2020-08-07T00:00:00.000+0000	352
2020-08-08T00:00:00.000+0000	202
2020-08-09T00:00:00.000+0000	237
2020-08-10T00:00:00.000+0000	175
2020-08-11T00:00:00.000+0000	238
2020-08-12T00:00:00.000+0000	200
2020-08-13T00:00:00.000+0000	191
2020-08-14T00:00:00.000+0000	313
2020-08-15T00:00:00.000+0000	189
2020-08-16T00:00:00.000+0000	190
2020-08-17T00:00:00.000+0000	169
2020-08-18T00:00:00.000+0000	154
2020-08-19T00:00:00.000+0000	195
2020-08-20T00:00:00.000+0000	210
2020-08-21T00:00:00.000+0000	219
2020-08-22T00:00:00.000+0000	451
2020-08-23T00:00:00.000+0000	425
2020-08-24T00:00:00.000+0000	227
2020-08-25T00:00:00.000+0000	185
2020-08-26T00:00:00.000+0000	292
2020-08-27T00:00:00.000+0000	339
2020-08-28T00:00:00.000+0000	218
2020-08-29T00:00:00.000+0000	456
2020-08-30T00:00:00.000+0000	207
2020-08-31T00:00:00.000+0000	209
2020-09-01T00:00:00.000+0000	343
2020-09-02T00:00:00.000+0000	790
2020-09-03T00:00:00.000+0000	480
2020-09-04T00:00:00.000+0000	545
2020-09-05T00:00:00.000+0000	513
2020-09-06T00:00:00.000+0000	471
2020-09-07T00:00:00.000+0000	433
2020-09-08T00:00:00.000+0000	562
2020-09-09T00:00:00.000+0000	552
2020-09-10T00:00:00.000+0000	1572
2020-09-11T00:00:00.000+0000	1161
2020-09-12T00:00:00.000+0000	639
2020-09-13T00:00:00.000+0000	367
2020-09-14T00:00:00.000+0000	297
2020-09-15T00:00:00.000+0000	236
2020-09-16T00:00:00.000+0000	232
2020-09-17T00:00:00.000+0000	297
2020-09-18T00:00:00.000+0000	269
2020-09-19T00:00:00.000+0000	196
2020-09-20T00:00:00.000+0000	182
2020-09-21T00:00:00.000+0000	335
2020-09-22T00:00:00.000+0000	307
2020-09-23T00:00:00.000+0000	250
2020-09-24T00:00:00.000+0000	218
2020-09-25T00:00:00.000+0000	221
2020-09-26T00:00:00.000+0000	159
2020-09-27T00:00:00.000+0000	184
2020-09-28T00:00:00.000+0000	1317
2020-09-29T00:00:00.000+0000	387
2020-09-30T00:00:00.000+0000	260
2020-10-01T00:00:00.000+0000	186
2020-10-02T00:00:00.000+0000	344
2020-10-03T00:00:00.000+0000	305
2020-10-04T00:00:00.000+0000	196
2020-10-05T00:00:00.000+0000	157
2020-10-06T00:00:00.000+0000	254
2020-10-07T00:00:00.000+0000	184
2020-10-08T00:00:00.000+0000	155
2020-10-09T00:00:00.000+0000	270
2020-10-10T00:00:00.000+0000	413
2020-10-11T00:00:00.000+0000	344
2020-10-12T00:00:00.000+0000	307
2020-10-13T00:00:00.000+0000	154
2020-10-14T00:00:00.000+0000	350
2020-10-15T00:00:00.000+0000	306
2020-10-16T00:00:00.000+0000	232
2020-10-17T00:00:00.000+0000	276
2020-10-18T00:00:00.000+0000	248
2020-10-19T00:00:00.000+0000	196
2020-10-20T00:00:00.000+0000	215
2020-10-21T00:00:00.000+0000	144
2020-10-22T00:00:00.000+0000	195
2020-10-23T00:00:00.000+0000	223
2020-10-24T00:00:00.000+0000	188
2020-10-25T00:00:00.000+0000	201
2020-10-26T00:00:00.000+0000	173
2020-10-27T00:00:00.000+0000	187
2020-10-28T00:00:00.000+0000	179
2020-10-29T00:00:00.000+0000	220
2020-10-30T00:00:00.000+0000	251
2020-10-31T00:00:00.000+0000	170
2020-11-01T00:00:00.000+0000	144
2020-11-02T00:00:00.000+0000	179
2020-11-03T00:00:00.000+0000	131
2020-11-04T00:00:00.000+0000	180
2020-11-05T00:00:00.000+0000	154
2020-11-06T00:00:00.000+0000	143
2020-11-07T00:00:00.000+0000	155
2020-11-08T00:00:00.000+0000	141
2020-11-09T00:00:00.000+0000	189
2020-11-10T00:00:00.000+0000	213
2020-11-11T00:00:00.000+0000	249
2020-11-12T00:00:00.000+0000	1155
2020-11-13T00:00:00.000+0000	835
2020-11-14T00:00:00.000+0000	224
2020-11-15T00:00:00.000+0000	223
2020-11-16T00:00:00.000+0000	256
2020-11-17T00:00:00.000+0000	218
2020-11-18T00:00:00.000+0000	244
2020-11-19T00:00:00.000+0000	225
2020-11-20T00:00:00.000+0000	295
2020-11-21T00:00:00.000+0000	255
2020-11-22T00:00:00.000+0000	299
2020-11-23T00:00:00.000+0000	207
2020-11-24T00:00:00.000+0000	181
2020-11-25T00:00:00.000+0000	254
2020-11-26T00:00:00.000+0000	211
2020-11-27T00:00:00.000+0000	142
2020-11-28T00:00:00.000+0000	118
2020-11-29T00:00:00.000+0000	143
2020-11-30T00:00:00.000+0000	164
2020-12-01T00:00:00.000+0000	179
2020-12-02T00:00:00.000+0000	283
2020-12-03T00:00:00.000+0000	297
2020-12-04T00:00:00.000+0000	202
2020-12-05T00:00:00.000+0000	154
2020-12-06T00:00:00.000+0000	152
2020-12-07T00:00:00.000+0000	219
2020-12-08T00:00:00.000+0000	243
2020-12-09T00:00:00.000+0000	191
2020-12-10T00:00:00.000+0000	161
2020-12-11T00:00:00.000+0000	154
2020-12-12T00:00:00.000+0000	157
2020-12-13T00:00:00.000+0000	127
2020-12-14T00:00:00.000+0000	114
2020-12-15T00:00:00.000+0000	146
2020-12-16T00:00:00.000+0000	150
2020-12-17T00:00:00.000+0000	191
2020-12-18T00:00:00.000+0000	168
2020-12-19T00:00:00.000+0000	129
2020-12-20T00:00:00.000+0000	151
2020-12-21T00:00:00.000+0000	217
2020-12-22T00:00:00.000+0000	345
2020-12-23T00:00:00.000+0000	190
2020-12-24T00:00:00.000+0000	178
2020-12-25T00:00:00.000+0000	108
2020-12-26T00:00:00.000+0000	182
2020-12-27T00:00:00.000+0000	358
2020-12-28T00:00:00.000+0000	1618
2020-12-29T00:00:00.000+0000	951
2020-12-30T00:00:00.000+0000	586
2020-12-31T00:00:00.000+0000	513
2021-01-01T00:00:00.000+0000	341
2021-01-02T00:00:00.000+0000	210
2021-01-03T00:00:00.000+0000	323
2021-01-04T00:00:00.000+0000	384
2021-01-05T00:00:00.000+0000	415
2021-01-06T00:00:00.000+0000	428
2021-01-07T00:00:00.000+0000	521
2021-01-08T00:00:00.000+0000	230
2021-01-09T00:00:00.000+0000	214
2021-01-10T00:00:00.000+0000	502
2021-01-11T00:00:00.000+0000	420
2021-01-12T00:00:00.000+0000	376
2021-01-13T00:00:00.000+0000	492
2021-01-14T00:00:00.000+0000	290
2021-01-15T00:00:00.000+0000	411
2021-01-16T00:00:00.000+0000	323
2021-01-17T00:00:00.000+0000	191
2021-01-18T00:00:00.000+0000	166
2021-01-19T00:00:00.000+0000	194
2021-01-20T00:00:00.000+0000	154
2021-01-21T00:00:00.000+0000	237
2021-01-22T00:00:00.000+0000	237
2021-01-23T00:00:00.000+0000	229
2021-01-24T00:00:00.000+0000	252
2021-01-25T00:00:00.000+0000	205
2021-01-26T00:00:00.000+0000	356
2021-01-27T00:00:00.000+0000	443
2021-01-28T00:00:00.000+0000	824
2021-01-29T00:00:00.000+0000	322
2021-01-30T00:00:00.000+0000	185
2021-01-31T00:00:00.000+0000	203
2021-02-01T00:00:00.000+0000	275
2021-02-02T00:00:00.000+0000	233
2021-02-03T00:00:00.000+0000	266
2021-02-04T00:00:00.000+0000	411
2021-02-05T00:00:00.000+0000	194
2021-02-06T00:00:00.000+0000	186
2021-02-07T00:00:00.000+0000	248
2021-02-08T00:00:00.000+0000	231
2021-02-09T00:00:00.000+0000	248
2021-02-10T00:00:00.000+0000	257
2021-02-11T00:00:00.000+0000	194
2021-02-12T00:00:00.000+0000	324
2021-02-13T00:00:00.000+0000	196
2021-02-14T00:00:00.000+0000	184
2021-02-15T00:00:00.000+0000	473
2021-02-16T00:00:00.000+0000	466
2021-02-17T00:00:00.000+0000	412
2021-02-18T00:00:00.000+0000	260
2021-02-19T00:00:00.000+0000	184
2021-02-20T00:00:00.000+0000	225
2021-02-21T00:00:00.000+0000	173
2021-02-22T00:00:00.000+0000	211
2021-02-23T00:00:00.000+0000	249
2021-02-24T00:00:00.000+0000	169
2021-02-25T00:00:00.000+0000	277
2021-02-26T00:00:00.000+0000	487
2021-02-27T00:00:00.000+0000	147
2021-02-28T00:00:00.000+0000	137
2021-03-01T00:00:00.000+0000	201
2021-03-02T00:00:00.000+0000	181
2021-03-03T00:00:00.000+0000	169
2021-03-04T00:00:00.000+0000	158
2021-03-05T00:00:00.000+0000	188
2021-03-06T00:00:00.000+0000	144
2021-03-07T00:00:00.000+0000	110
2021-03-08T00:00:00.000+0000	983
2021-03-09T00:00:00.000+0000	558
2021-03-10T00:00:00.000+0000	326
2021-03-11T00:00:00.000+0000	215
2021-03-12T00:00:00.000+0000	200
2021-03-13T00:00:00.000+0000	190
2021-03-14T00:00:00.000+0000	212
2021-03-15T00:00:00.000+0000	163
2021-03-16T00:00:00.000+0000	362
2021-03-17T00:00:00.000+0000	206
2021-03-18T00:00:00.000+0000	201
2021-03-19T00:00:00.000+0000	173
2021-03-20T00:00:00.000+0000	154
2021-03-21T00:00:00.000+0000	221
2021-03-22T00:00:00.000+0000	334
2021-03-23T00:00:00.000+0000	453
2021-03-24T00:00:00.000+0000	401
2021-03-25T00:00:00.000+0000	276
2021-03-26T00:00:00.000+0000	428
2021-03-27T00:00:00.000+0000	261
2021-03-28T00:00:00.000+0000	204
2021-03-29T00:00:00.000+0000	197
2021-03-30T00:00:00.000+0000	286
2021-03-31T00:00:00.000+0000	259
2021-04-01T00:00:00.000+0000	227
2021-04-02T00:00:00.000+0000	262
2021-04-03T00:00:00.000+0000	211
2021-04-04T00:00:00.000+0000	148
2021-04-05T00:00:00.000+0000	359
2021-04-06T00:00:00.000+0000	204
2021-04-07T00:00:00.000+0000	197
2021-04-08T00:00:00.000+0000	292
2021-04-09T00:00:00.000+0000	223
2021-04-10T00:00:00.000+0000	163
2021-04-11T00:00:00.000+0000	240
2021-04-12T00:00:00.000+0000	251
2021-04-13T00:00:00.000+0000	255
2021-04-14T00:00:00.000+0000	163
2021-04-15T00:00:00.000+0000	160
2021-04-16T00:00:00.000+0000	235
2021-04-17T00:00:00.000+0000	195
2021-04-18T00:00:00.000+0000	255
2021-04-19T00:00:00.000+0000	241
2021-04-20T00:00:00.000+0000	158
2021-04-21T00:00:00.000+0000	207
2021-04-22T00:00:00.000+0000	216
2021-04-23T00:00:00.000+0000	158
2021-04-24T00:00:00.000+0000	128
2021-04-25T00:00:00.000+0000	146
2021-04-26T00:00:00.000+0000	137
2021-04-27T00:00:00.000+0000	140
2021-04-28T00:00:00.000+0000	209
2021-04-29T00:00:00.000+0000	151
2021-04-30T00:00:00.000+0000	173
2021-05-01T00:00:00.000+0000	179
2021-05-02T00:00:00.000+0000	134
2021-05-03T00:00:00.000+0000	147
2021-05-04T00:00:00.000+0000	126
2021-05-05T00:00:00.000+0000	184
2021-05-06T00:00:00.000+0000	217
2021-05-07T00:00:00.000+0000	254
2021-05-08T00:00:00.000+0000	143
2021-05-09T00:00:00.000+0000	161
2021-05-10T00:00:00.000+0000	171
2021-05-11T00:00:00.000+0000	200
2021-05-12T00:00:00.000+0000	242
2021-05-13T00:00:00.000+0000	206
2021-05-14T00:00:00.000+0000	166
2021-05-15T00:00:00.000+0000	176
2021-05-16T00:00:00.000+0000	158
2021-05-17T00:00:00.000+0000	169
2021-05-18T00:00:00.000+0000	240
2021-05-19T00:00:00.000+0000	287
2021-05-20T00:00:00.000+0000	190
2021-05-21T00:00:00.000+0000	521
2021-05-22T00:00:00.000+0000	344
2021-05-23T00:00:00.000+0000	183
2021-05-24T00:00:00.000+0000	205
2021-05-25T00:00:00.000+0000	184
2021-05-26T00:00:00.000+0000	185
2021-05-27T00:00:00.000+0000	225
2021-05-28T00:00:00.000+0000	156
2021-05-29T00:00:00.000+0000	105
2021-05-30T00:00:00.000+0000	142
2021-05-31T00:00:00.000+0000	217
2021-06-01T00:00:00.000+0000	179
2021-06-02T00:00:00.000+0000	226
2021-06-03T00:00:00.000+0000	260
2021-06-04T00:00:00.000+0000	201
2021-06-05T00:00:00.000+0000	174
2021-06-06T00:00:00.000+0000	151
2021-06-07T00:00:00.000+0000	197
2021-06-08T00:00:00.000+0000	200
