startDate,endDate,numberOfDocuments
"2018-01-01T00:00:00","2018-01-02T00:00:00",378996
"2018-01-02T00:00:00","2018-01-03T00:00:00",368098
"2018-01-03T00:00:00","2018-01-04T00:00:00",403504
"2018-01-04T00:00:00","2018-01-05T00:00:00",402700
"2018-01-05T00:00:00","2018-01-06T00:00:00",405993
"2018-01-06T00:00:00","2018-01-07T00:00:00",375154
"2018-01-07T00:00:00","2018-01-08T00:00:00",359853
"2018-01-08T00:00:00","2018-01-09T00:00:00",395714
"2018-01-09T00:00:00","2018-01-10T00:00:00",424378
"2018-01-10T00:00:00","2018-01-11T00:00:00",418665
"2018-01-11T00:00:00","2018-01-12T00:00:00",410315
"2018-01-12T00:00:00","2018-01-13T00:00:00",462505
"2018-01-13T00:00:00","2018-01-14T00:00:00",383750
"2018-01-14T00:00:00","2018-01-15T00:00:00",361224
"2018-01-15T00:00:00","2018-01-16T00:00:00",394808
"2018-01-16T00:00:00","2018-01-17T00:00:00",408059
"2018-01-17T00:00:00","2018-01-18T00:00:00",429569
"2018-01-18T00:00:00","2018-01-19T00:00:00",414805
"2018-01-19T00:00:00","2018-01-20T00:00:00",423359
"2018-01-20T00:00:00","2018-01-21T00:00:00",423763
"2018-01-21T00:00:00","2018-01-22T00:00:00",389183
"2018-01-22T00:00:00","2018-01-23T00:00:00",405573
"2018-01-23T00:00:00","2018-01-24T00:00:00",414847
"2018-01-24T00:00:00","2018-01-25T00:00:00",420185
"2018-01-25T00:00:00","2018-01-26T00:00:00",418856
"2018-01-26T00:00:00","2018-01-27T00:00:00",405243
"2018-01-27T00:00:00","2018-01-28T00:00:00",354207
"2018-01-28T00:00:00","2018-01-29T00:00:00",340861
"2018-01-29T00:00:00","2018-01-30T00:00:00",398294
"2018-01-30T00:00:00","2018-01-31T00:00:00",424300
"2018-01-31T00:00:00","2018-02-01T00:00:00",463500
"2018-02-01T00:00:00","2018-02-02T00:00:00",423172
"2018-02-02T00:00:00","2018-02-03T00:00:00",441177
"2018-02-03T00:00:00","2018-02-04T00:00:00",374873
"2018-02-04T00:00:00","2018-02-05T00:00:00",367262
"2018-02-05T00:00:00","2018-02-06T00:00:00",478281
"2018-02-06T00:00:00","2018-02-07T00:00:00",415679
"2018-02-07T00:00:00","2018-02-08T00:00:00",418374
"2018-02-08T00:00:00","2018-02-09T00:00:00",411311
"2018-02-09T00:00:00","2018-02-10T00:00:00",402096
"2018-02-10T00:00:00","2018-02-11T00:00:00",361520
"2018-02-11T00:00:00","2018-02-12T00:00:00",331614
"2018-02-12T00:00:00","2018-02-13T00:00:00",362136
"2018-02-13T00:00:00","2018-02-14T00:00:00",394173
"2018-02-14T00:00:00","2018-02-15T00:00:00",422803
"2018-02-15T00:00:00","2018-02-16T00:00:00",462348
"2018-02-16T00:00:00","2018-02-17T00:00:00",455972
"2018-02-17T00:00:00","2018-02-18T00:00:00",390624
"2018-02-18T00:00:00","2018-02-19T00:00:00",377930
"2018-02-19T00:00:00","2018-02-20T00:00:00",387470
"2018-02-20T00:00:00","2018-02-21T00:00:00",410993
"2018-02-21T00:00:00","2018-02-22T00:00:00",439466
"2018-02-22T00:00:00","2018-02-23T00:00:00",474163
"2018-02-23T00:00:00","2018-02-24T00:00:00",447251
"2018-02-24T00:00:00","2018-02-25T00:00:00",404009
"2018-02-25T00:00:00","2018-02-26T00:00:00",374540
"2018-02-26T00:00:00","2018-02-27T00:00:00",407330
"2018-02-27T00:00:00","2018-02-28T00:00:00",418162
"2018-02-28T00:00:00","2018-03-01T00:00:00",428909
"2018-03-01T00:00:00","2018-03-02T00:00:00",428700
"2018-03-02T00:00:00","2018-03-03T00:00:00",422157
"2018-03-03T00:00:00","2018-03-04T00:00:00",363717
"2018-03-04T00:00:00","2018-03-05T00:00:00",338676
"2018-03-05T00:00:00","2018-03-06T00:00:00",402991
"2018-03-06T00:00:00","2018-03-07T00:00:00",408487
"2018-03-07T00:00:00","2018-03-08T00:00:00",417324
"2018-03-08T00:00:00","2018-03-09T00:00:00",431940
"2018-03-09T00:00:00","2018-03-10T00:00:00",413134
"2018-03-10T00:00:00","2018-03-11T00:00:00",351497
"2018-03-11T00:00:00","2018-03-12T00:00:00",339209
"2018-03-12T00:00:00","2018-03-13T00:00:00",375321
"2018-03-13T00:00:00","2018-03-14T00:00:00",427591
"2018-03-14T00:00:00","2018-03-15T00:00:00",457407
"2018-03-15T00:00:00","2018-03-16T00:00:00",428584
"2018-03-16T00:00:00","2018-03-17T00:00:00",396420
"2018-03-17T00:00:00","2018-03-18T00:00:00",390467
"2018-03-18T00:00:00","2018-03-19T00:00:00",346161
"2018-03-19T00:00:00","2018-03-20T00:00:00",385016
"2018-03-20T00:00:00","2018-03-21T00:00:00",406994
"2018-03-21T00:00:00","2018-03-22T00:00:00",406534
"2018-03-22T00:00:00","2018-03-23T00:00:00",408615
"2018-03-23T00:00:00","2018-03-24T00:00:00",419569
"2018-03-24T00:00:00","2018-03-25T00:00:00",385163
"2018-03-25T00:00:00","2018-03-26T00:00:00",342609
"2018-03-26T00:00:00","2018-03-27T00:00:00",379037
"2018-03-27T00:00:00","2018-03-28T00:00:00",396847
"2018-03-28T00:00:00","2018-03-29T00:00:00",400847
"2018-03-29T00:00:00","2018-03-30T00:00:00",405874
"2018-03-30T00:00:00","2018-03-31T00:00:00",401776
"2018-03-31T00:00:00","2018-04-01T00:00:00",351927
"2018-04-01T00:00:00","2018-04-02T00:00:00",338701
"2018-04-02T00:00:00","2018-04-03T00:00:00",365709
"2018-04-03T00:00:00","2018-04-04T00:00:00",405744
"2018-04-04T00:00:00","2018-04-05T00:00:00",403931
"2018-04-05T00:00:00","2018-04-06T00:00:00",400682
"2018-04-06T00:00:00","2018-04-07T00:00:00",381306
"2018-04-07T00:00:00","2018-04-08T00:00:00",342747
"2018-04-08T00:00:00","2018-04-09T00:00:00",330749
"2018-04-09T00:00:00","2018-04-10T00:00:00",363409
"2018-04-10T00:00:00","2018-04-11T00:00:00",407952
"2018-04-11T00:00:00","2018-04-12T00:00:00",410495
"2018-04-12T00:00:00","2018-04-13T00:00:00",405865
"2018-04-13T00:00:00","2018-04-14T00:00:00",404726
"2018-04-14T00:00:00","2018-04-15T00:00:00",374593
"2018-04-15T00:00:00","2018-04-16T00:00:00",348808
"2018-04-16T00:00:00","2018-04-17T00:00:00",372670
"2018-04-17T00:00:00","2018-04-18T00:00:00",400147
"2018-04-18T00:00:00","2018-04-19T00:00:00",406888
"2018-04-19T00:00:00","2018-04-20T00:00:00",400696
"2018-04-20T00:00:00","2018-04-21T00:00:00",394327
"2018-04-21T00:00:00","2018-04-22T00:00:00",343313
"2018-04-22T00:00:00","2018-04-23T00:00:00",329965
"2018-04-23T00:00:00","2018-04-24T00:00:00",361835
"2018-04-24T00:00:00","2018-04-25T00:00:00",388392
"2018-04-25T00:00:00","2018-04-26T00:00:00",388345
"2018-04-26T00:00:00","2018-04-27T00:00:00",410642
"2018-04-27T00:00:00","2018-04-28T00:00:00",415072
"2018-04-28T00:00:00","2018-04-29T00:00:00",378795
"2018-04-29T00:00:00","2018-04-30T00:00:00",355077
"2018-04-30T00:00:00","2018-05-01T00:00:00",375618
"2018-05-01T00:00:00","2018-05-02T00:00:00",391269
"2018-05-02T00:00:00","2018-05-03T00:00:00",400082
"2018-05-03T00:00:00","2018-05-04T00:00:00",407026
"2018-05-04T00:00:00","2018-05-05T00:00:00",393336
"2018-05-05T00:00:00","2018-05-06T00:00:00",346369
"2018-05-06T00:00:00","2018-05-07T00:00:00",328262
"2018-05-07T00:00:00","2018-05-08T00:00:00",358738
"2018-05-08T00:00:00","2018-05-09T00:00:00",407334
"2018-05-09T00:00:00","2018-05-10T00:00:00",421758
"2018-05-10T00:00:00","2018-05-11T00:00:00",400852
"2018-05-11T00:00:00","2018-05-12T00:00:00",397477
"2018-05-12T00:00:00","2018-05-13T00:00:00",335317
"2018-05-13T00:00:00","2018-05-14T00:00:00",311785
"2018-05-14T00:00:00","2018-05-15T00:00:00",356665
"2018-05-15T00:00:00","2018-05-16T00:00:00",412822
"2018-05-16T00:00:00","2018-05-17T00:00:00",419343
"2018-05-17T00:00:00","2018-05-18T00:00:00",419922
"2018-05-18T00:00:00","2018-05-19T00:00:00",432431
"2018-05-19T00:00:00","2018-05-20T00:00:00",378169
"2018-05-20T00:00:00","2018-05-21T00:00:00",335234
"2018-05-21T00:00:00","2018-05-22T00:00:00",390308
"2018-05-22T00:00:00","2018-05-23T00:00:00",394406
"2018-05-23T00:00:00","2018-05-24T00:00:00",410356
"2018-05-24T00:00:00","2018-05-25T00:00:00",411938
"2018-05-25T00:00:00","2018-05-26T00:00:00",370366
"2018-05-26T00:00:00","2018-05-27T00:00:00",328737
"2018-05-27T00:00:00","2018-05-28T00:00:00",298165
"2018-05-28T00:00:00","2018-05-29T00:00:00",311942
"2018-05-29T00:00:00","2018-05-30T00:00:00",358023
"2018-05-30T00:00:00","2018-05-31T00:00:00",391983
"2018-05-31T00:00:00","2018-06-01T00:00:00",374878
"2018-06-01T00:00:00","2018-06-02T00:00:00",395809
"2018-06-02T00:00:00","2018-06-03T00:00:00",313142
"2018-06-03T00:00:00","2018-06-04T00:00:00",296211
"2018-06-04T00:00:00","2018-06-05T00:00:00",353724
"2018-06-05T00:00:00","2018-06-06T00:00:00",382723
"2018-06-06T00:00:00","2018-06-07T00:00:00",382425
"2018-06-07T00:00:00","2018-06-08T00:00:00",386701
"2018-06-08T00:00:00","2018-06-09T00:00:00",397848
"2018-06-09T00:00:00","2018-06-10T00:00:00",343771
"2018-06-10T00:00:00","2018-06-11T00:00:00",329839
"2018-06-11T00:00:00","2018-06-12T00:00:00",372775
"2018-06-12T00:00:00","2018-06-13T00:00:00",406211
"2018-06-13T00:00:00","2018-06-14T00:00:00",382324
"2018-06-14T00:00:00","2018-06-15T00:00:00",385205
"2018-06-15T00:00:00","2018-06-16T00:00:00",384372
"2018-06-16T00:00:00","2018-06-17T00:00:00",330941
"2018-06-17T00:00:00","2018-06-18T00:00:00",319987
"2018-06-18T00:00:00","2018-06-19T00:00:00",369850
"2018-06-19T00:00:00","2018-06-20T00:00:00",430389
"2018-06-20T00:00:00","2018-06-21T00:00:00",443009
"2018-06-21T00:00:00","2018-06-22T00:00:00",414786
"2018-06-22T00:00:00","2018-06-23T00:00:00",400271
"2018-06-23T00:00:00","2018-06-24T00:00:00",347302
"2018-06-24T00:00:00","2018-06-25T00:00:00",318046
"2018-06-25T00:00:00","2018-06-26T00:00:00",356772
"2018-06-26T00:00:00","2018-06-27T00:00:00",394789
"2018-06-27T00:00:00","2018-06-28T00:00:00",400744
"2018-06-28T00:00:00","2018-06-29T00:00:00",396192
"2018-06-29T00:00:00","2018-06-30T00:00:00",396402
"2018-06-30T00:00:00","2018-07-01T00:00:00",337896
"2018-07-01T00:00:00","2018-07-02T00:00:00",324032
"2018-07-02T00:00:00","2018-07-03T00:00:00",367893
"2018-07-03T00:00:00","2018-07-04T00:00:00",371748
"2018-07-04T00:00:00","2018-07-05T00:00:00",349010
"2018-07-05T00:00:00","2018-07-06T00:00:00",324825
"2018-07-06T00:00:00","2018-07-07T00:00:00",374503
"2018-07-07T00:00:00","2018-07-08T00:00:00",331352
"2018-07-08T00:00:00","2018-07-09T00:00:00",306218
"2018-07-09T00:00:00","2018-07-10T00:00:00",338954
"2018-07-10T00:00:00","2018-07-11T00:00:00",385218
"2018-07-11T00:00:00","2018-07-12T00:00:00",386201
"2018-07-12T00:00:00","2018-07-13T00:00:00",387210
"2018-07-13T00:00:00","2018-07-14T00:00:00",397361
"2018-07-14T00:00:00","2018-07-15T00:00:00",340707
"2018-07-15T00:00:00","2018-07-16T00:00:00",326657
"2018-07-16T00:00:00","2018-07-17T00:00:00",393981
"2018-07-17T00:00:00","2018-07-18T00:00:00",433251
"2018-07-18T00:00:00","2018-07-19T00:00:00",410899
"2018-07-19T00:00:00","2018-07-20T00:00:00",398286
"2018-07-20T00:00:00","2018-07-21T00:00:00",379215
"2018-07-21T00:00:00","2018-07-22T00:00:00",326984
"2018-07-22T00:00:00","2018-07-23T00:00:00",310181
"2018-07-23T00:00:00","2018-07-24T00:00:00",364325
"2018-07-24T00:00:00","2018-07-25T00:00:00",384403
"2018-07-25T00:00:00","2018-07-26T00:00:00",390034
"2018-07-26T00:00:00","2018-07-27T00:00:00",392344
"2018-07-27T00:00:00","2018-07-28T00:00:00",380488
"2018-07-28T00:00:00","2018-07-29T00:00:00",320984
"2018-07-29T00:00:00","2018-07-30T00:00:00",302801
"2018-07-30T00:00:00","2018-07-31T00:00:00",342187
"2018-07-31T00:00:00","2018-08-01T00:00:00",380256
"2018-08-01T00:00:00","2018-08-02T00:00:00",382875
"2018-08-02T00:00:00","2018-08-03T00:00:00",372926
"2018-08-03T00:00:00","2018-08-04T00:00:00",374363
"2018-08-04T00:00:00","2018-08-05T00:00:00",332052
"2018-08-05T00:00:00","2018-08-06T00:00:00",313938
"2018-08-06T00:00:00","2018-08-07T00:00:00",345339
"2018-08-07T00:00:00","2018-08-08T00:00:00",377752
"2018-08-08T00:00:00","2018-08-09T00:00:00",386264
"2018-08-09T00:00:00","2018-08-10T00:00:00",379710
"2018-08-10T00:00:00","2018-08-11T00:00:00",379646
"2018-08-11T00:00:00","2018-08-12T00:00:00",343226
"2018-08-12T00:00:00","2018-08-13T00:00:00",308067
"2018-08-13T00:00:00","2018-08-14T00:00:00",334852
"2018-08-14T00:00:00","2018-08-15T00:00:00",363568
"2018-08-15T00:00:00","2018-08-16T00:00:00",374526
"2018-08-16T00:00:00","2018-08-17T00:00:00",378814
"2018-08-17T00:00:00","2018-08-18T00:00:00",356535
"2018-08-18T00:00:00","2018-08-19T00:00:00",312244
"2018-08-19T00:00:00","2018-08-20T00:00:00",301834
"2018-08-20T00:00:00","2018-08-21T00:00:00",336310
"2018-08-21T00:00:00","2018-08-22T00:00:00",389304
"2018-08-22T00:00:00","2018-08-23T00:00:00",420979
"2018-08-23T00:00:00","2018-08-24T00:00:00",371852
"2018-08-24T00:00:00","2018-08-25T00:00:00",373209
"2018-08-25T00:00:00","2018-08-26T00:00:00",326981
"2018-08-26T00:00:00","2018-08-27T00:00:00",323935
"2018-08-27T00:00:00","2018-08-28T00:00:00",349272
"2018-08-28T00:00:00","2018-08-29T00:00:00",363760
"2018-08-29T00:00:00","2018-08-30T00:00:00",380594
"2018-08-30T00:00:00","2018-08-31T00:00:00",374959
"2018-08-31T00:00:00","2018-09-01T00:00:00",380748
"2018-09-01T00:00:00","2018-09-02T00:00:00",340204
"2018-09-02T00:00:00","2018-09-03T00:00:00",305820
"2018-09-03T00:00:00","2018-09-04T00:00:00",306968
"2018-09-04T00:00:00","2018-09-05T00:00:00",368953
"2018-09-05T00:00:00","2018-09-06T00:00:00",385911
"2018-09-06T00:00:00","2018-09-07T00:00:00",397661
"2018-09-07T00:00:00","2018-09-08T00:00:00",406594
"2018-09-08T00:00:00","2018-09-09T00:00:00",362056
"2018-09-09T00:00:00","2018-09-10T00:00:00",337742
"2018-09-10T00:00:00","2018-09-11T00:00:00",356847
"2018-09-11T00:00:00","2018-09-12T00:00:00",364420
"2018-09-12T00:00:00","2018-09-13T00:00:00",366301
"2018-09-13T00:00:00","2018-09-14T00:00:00",379933
"2018-09-14T00:00:00","2018-09-15T00:00:00",378134
"2018-09-15T00:00:00","2018-09-16T00:00:00",319805
"2018-09-16T00:00:00","2018-09-17T00:00:00",320875
"2018-09-17T00:00:00","2018-09-18T00:00:00",347292
"2018-09-18T00:00:00","2018-09-19T00:00:00",377698
"2018-09-19T00:00:00","2018-09-20T00:00:00",362178
"2018-09-20T00:00:00","2018-09-21T00:00:00",359286
"2018-09-21T00:00:00","2018-09-22T00:00:00",370057
"2018-09-22T00:00:00","2018-09-23T00:00:00",342540
"2018-09-23T00:00:00","2018-09-24T00:00:00",318775
"2018-09-24T00:00:00","2018-09-25T00:00:00",370133
"2018-09-25T00:00:00","2018-09-26T00:00:00",376035
"2018-09-26T00:00:00","2018-09-27T00:00:00",382668
"2018-09-27T00:00:00","2018-09-28T00:00:00",450695
"2018-09-28T00:00:00","2018-09-29T00:00:00",479107
"2018-09-29T00:00:00","2018-09-30T00:00:00",333086
"2018-09-30T00:00:00","2018-10-01T00:00:00",338766
"2018-10-01T00:00:00","2018-10-02T00:00:00",367240
"2018-10-02T00:00:00","2018-10-03T00:00:00",379323
"2018-10-03T00:00:00","2018-10-04T00:00:00",395635
"2018-10-04T00:00:00","2018-10-05T00:00:00",395659
"2018-10-05T00:00:00","2018-10-06T00:00:00",410126
"2018-10-06T00:00:00","2018-10-07T00:00:00",373789
"2018-10-07T00:00:00","2018-10-08T00:00:00",356107
"2018-10-08T00:00:00","2018-10-09T00:00:00",355788
"2018-10-09T00:00:00","2018-10-10T00:00:00",367363
"2018-10-10T00:00:00","2018-10-11T00:00:00",365221
"2018-10-11T00:00:00","2018-10-12T00:00:00",350941
"2018-10-12T00:00:00","2018-10-13T00:00:00",360159
"2018-10-13T00:00:00","2018-10-14T00:00:00",313198
"2018-10-14T00:00:00","2018-10-15T00:00:00",307829
"2018-10-15T00:00:00","2018-10-16T00:00:00",327674
"2018-10-16T00:00:00","2018-10-17T00:00:00",374275
"2018-10-17T00:00:00","2018-10-18T00:00:00",370055
"2018-10-18T00:00:00","2018-10-19T00:00:00",364944
"2018-10-19T00:00:00","2018-10-20T00:00:00",361689
"2018-10-20T00:00:00","2018-10-21T00:00:00",321722
"2018-10-21T00:00:00","2018-10-22T00:00:00",309584
"2018-10-22T00:00:00","2018-10-23T00:00:00",343065
"2018-10-23T00:00:00","2018-10-24T00:00:00",366354
"2018-10-24T00:00:00","2018-10-25T00:00:00",368936
"2018-10-25T00:00:00","2018-10-26T00:00:00",375992
"2018-10-26T00:00:00","2018-10-27T00:00:00",372519
"2018-10-27T00:00:00","2018-10-28T00:00:00",344635
"2018-10-28T00:00:00","2018-10-29T00:00:00",361634
"2018-10-29T00:00:00","2018-10-30T00:00:00",363195
"2018-10-30T00:00:00","2018-10-31T00:00:00",377064
"2018-10-31T00:00:00","2018-11-01T00:00:00",370466
"2018-11-01T00:00:00","2018-11-02T00:00:00",360180
"2018-11-02T00:00:00","2018-11-03T00:00:00",367154
"2018-11-03T00:00:00","2018-11-04T00:00:00",327326
"2018-11-04T00:00:00","2018-11-05T00:00:00",328012
"2018-11-05T00:00:00","2018-11-06T00:00:00",356999
"2018-11-06T00:00:00","2018-11-07T00:00:00",409245
"2018-11-07T00:00:00","2018-11-08T00:00:00",475026
"2018-11-08T00:00:00","2018-11-09T00:00:00",418314
"2018-11-09T00:00:00","2018-11-10T00:00:00",412436
"2018-11-10T00:00:00","2018-11-11T00:00:00",348161
"2018-11-11T00:00:00","2018-11-12T00:00:00",340020
"2018-11-12T00:00:00","2018-11-13T00:00:00",365767
"2018-11-13T00:00:00","2018-11-14T00:00:00",371328
"2018-11-14T00:00:00","2018-11-15T00:00:00",372868
"2018-11-15T00:00:00","2018-11-16T00:00:00",382115
"2018-11-16T00:00:00","2018-11-17T00:00:00",365746
"2018-11-17T00:00:00","2018-11-18T00:00:00",325562
"2018-11-18T00:00:00","2018-11-19T00:00:00",312639
"2018-11-19T00:00:00","2018-11-20T00:00:00",328798
"2018-11-20T00:00:00","2018-11-21T00:00:00",366245
"2018-11-21T00:00:00","2018-11-22T00:00:00",356601
"2018-11-22T00:00:00","2018-11-23T00:00:00",326784
"2018-11-23T00:00:00","2018-11-24T00:00:00",282072
"2018-11-24T00:00:00","2018-11-25T00:00:00",302318
"2018-11-25T00:00:00","2018-11-26T00:00:00",301004
"2018-11-26T00:00:00","2018-11-27T00:00:00",339195
"2018-11-27T00:00:00","2018-11-28T00:00:00",356554
"2018-11-28T00:00:00","2018-11-29T00:00:00",359504
"2018-11-29T00:00:00","2018-11-30T00:00:00",361475
"2018-11-30T00:00:00","2018-12-01T00:00:00",370490
"2018-12-01T00:00:00","2018-12-02T00:00:00",334847
"2018-12-02T00:00:00","2018-12-03T00:00:00",308139
"2018-12-03T00:00:00","2018-12-04T00:00:00",348146
"2018-12-04T00:00:00","2018-12-05T00:00:00",369708
"2018-12-05T00:00:00","2018-12-06T00:00:00",359886
"2018-12-06T00:00:00","2018-12-07T00:00:00",355589
"2018-12-07T00:00:00","2018-12-08T00:00:00",366120
"2018-12-08T00:00:00","2018-12-09T00:00:00",306980
"2018-12-09T00:00:00","2018-12-10T00:00:00",287997
"2018-12-10T00:00:00","2018-12-11T00:00:00",324460
"2018-12-11T00:00:00","2018-12-12T00:00:00",368750
"2018-12-12T00:00:00","2018-12-13T00:00:00",357603
"2018-12-13T00:00:00","2018-12-14T00:00:00",354208
"2018-12-14T00:00:00","2018-12-15T00:00:00",357309
"2018-12-15T00:00:00","2018-12-16T00:00:00",307442
"2018-12-16T00:00:00","2018-12-17T00:00:00",289134
"2018-12-17T00:00:00","2018-12-18T00:00:00",326858
"2018-12-18T00:00:00","2018-12-19T00:00:00",347969
"2018-12-19T00:00:00","2018-12-20T00:00:00",352400
"2018-12-20T00:00:00","2018-12-21T00:00:00",357612
"2018-12-21T00:00:00","2018-12-22T00:00:00",376724
"2018-12-22T00:00:00","2018-12-23T00:00:00",325544
"2018-12-23T00:00:00","2018-12-24T00:00:00",301841
"2018-12-24T00:00:00","2018-12-25T00:00:00",333757
"2018-12-25T00:00:00","2018-12-26T00:00:00",277814
"2018-12-26T00:00:00","2018-12-27T00:00:00",274246
"2018-12-27T00:00:00","2018-12-28T00:00:00",314000
"2018-12-28T00:00:00","2018-12-29T00:00:00",337769
"2018-12-29T00:00:00","2018-12-30T00:00:00",326121
"2018-12-30T00:00:00","2018-12-31T00:00:00",318165
"2018-12-31T00:00:00","2019-01-01T00:00:00",342931
"2019-01-01T00:00:00","2019-01-02T00:00:00",327223
"2019-01-02T00:00:00","2019-01-03T00:00:00",334373
"2019-01-03T00:00:00","2019-01-04T00:00:00",360853
"2019-01-04T00:00:00","2019-01-05T00:00:00",382580
"2019-01-05T00:00:00","2019-01-06T00:00:00",347656
"2019-01-06T00:00:00","2019-01-07T00:00:00",371778
"2019-01-07T00:00:00","2019-01-08T00:00:00",363426
"2019-01-08T00:00:00","2019-01-09T00:00:00",386712
"2019-01-09T00:00:00","2019-01-10T00:00:00",402110
"2019-01-10T00:00:00","2019-01-11T00:00:00",382670
"2019-01-11T00:00:00","2019-01-12T00:00:00",382685
"2019-01-12T00:00:00","2019-01-13T00:00:00",345808
"2019-01-13T00:00:00","2019-01-14T00:00:00",333440
"2019-01-14T00:00:00","2019-01-15T00:00:00",347882
"2019-01-15T00:00:00","2019-01-16T00:00:00",378512
"2019-01-16T00:00:00","2019-01-17T00:00:00",382392
"2019-01-17T00:00:00","2019-01-18T00:00:00",391979
"2019-01-18T00:00:00","2019-01-19T00:00:00",399851
"2019-01-19T00:00:00","2019-01-20T00:00:00",347334
"2019-01-20T00:00:00","2019-01-21T00:00:00",349776
"2019-01-21T00:00:00","2019-01-22T00:00:00",399940
"2019-01-22T00:00:00","2019-01-23T00:00:00",382084
"2019-01-23T00:00:00","2019-01-24T00:00:00",414171
"2019-01-24T00:00:00","2019-01-25T00:00:00",395889
"2019-01-25T00:00:00","2019-01-26T00:00:00",419065
"2019-01-26T00:00:00","2019-01-27T00:00:00",343709
"2019-01-27T00:00:00","2019-01-28T00:00:00",312595
"2019-01-28T00:00:00","2019-01-29T00:00:00",355651
"2019-01-29T00:00:00","2019-01-30T00:00:00",373972
"2019-01-30T00:00:00","2019-01-31T00:00:00",385046
"2019-01-31T00:00:00","2019-02-01T00:00:00",390816
"2019-02-01T00:00:00","2019-02-02T00:00:00",380951
"2019-02-02T00:00:00","2019-02-03T00:00:00",340783
"2019-02-03T00:00:00","2019-02-04T00:00:00",328597
"2019-02-04T00:00:00","2019-02-05T00:00:00",444170
"2019-02-05T00:00:00","2019-02-06T00:00:00",383971
"2019-02-06T00:00:00","2019-02-07T00:00:00",434304
"2019-02-07T00:00:00","2019-02-08T00:00:00",385862
"2019-02-08T00:00:00","2019-02-09T00:00:00",415515
"2019-02-09T00:00:00","2019-02-10T00:00:00",386452
"2019-02-10T00:00:00","2019-02-11T00:00:00",359458
"2019-02-11T00:00:00","2019-02-12T00:00:00",416951
"2019-02-12T00:00:00","2019-02-13T00:00:00",419038
"2019-02-13T00:00:00","2019-02-14T00:00:00",404633
"2019-02-14T00:00:00","2019-02-15T00:00:00",402996
"2019-02-15T00:00:00","2019-02-16T00:00:00",389716
"2019-02-16T00:00:00","2019-02-17T00:00:00",331224
"2019-02-17T00:00:00","2019-02-18T00:00:00",318994
"2019-02-18T00:00:00","2019-02-19T00:00:00",342788
"2019-02-19T00:00:00","2019-02-20T00:00:00",366582
"2019-02-20T00:00:00","2019-02-21T00:00:00",372687
"2019-02-21T00:00:00","2019-02-22T00:00:00",381198
"2019-02-22T00:00:00","2019-02-23T00:00:00",385637
"2019-02-23T00:00:00","2019-02-24T00:00:00",341677
"2019-02-24T00:00:00","2019-02-25T00:00:00",324493
"2019-02-25T00:00:00","2019-02-26T00:00:00",372623
"2019-02-26T00:00:00","2019-02-27T00:00:00",375681
"2019-02-27T00:00:00","2019-02-28T00:00:00",423142
"2019-02-28T00:00:00","2019-03-01T00:00:00",402923
"2019-03-01T00:00:00","2019-03-02T00:00:00",389623
"2019-03-02T00:00:00","2019-03-03T00:00:00",338663
"2019-03-03T00:00:00","2019-03-04T00:00:00",316798
"2019-03-04T00:00:00","2019-03-05T00:00:00",346204
"2019-03-05T00:00:00","2019-03-06T00:00:00",373419
"2019-03-06T00:00:00","2019-03-07T00:00:00",379673
"2019-03-07T00:00:00","2019-03-08T00:00:00",389817
"2019-03-08T00:00:00","2019-03-09T00:00:00",391816
"2019-03-09T00:00:00","2019-03-10T00:00:00",332913
"2019-03-10T00:00:00","2019-03-11T00:00:00",312614
"2019-03-11T00:00:00","2019-03-12T00:00:00",348809
"2019-03-12T00:00:00","2019-03-13T00:00:00",382461
"2019-03-13T00:00:00","2019-03-14T00:00:00",406428
"2019-03-14T00:00:00","2019-03-15T00:00:00",401876
"2019-03-15T00:00:00","2019-03-16T00:00:00",393841
"2019-03-16T00:00:00","2019-03-17T00:00:00",339778
"2019-03-17T00:00:00","2019-03-18T00:00:00",323628
"2019-03-18T00:00:00","2019-03-19T00:00:00",354589
"2019-03-19T00:00:00","2019-03-20T00:00:00",380376
"2019-03-20T00:00:00","2019-03-21T00:00:00",391939
"2019-03-21T00:00:00","2019-03-22T00:00:00",388497
"2019-03-22T00:00:00","2019-03-23T00:00:00",383615
"2019-03-23T00:00:00","2019-03-24T00:00:00",343152
"2019-03-24T00:00:00","2019-03-25T00:00:00",330564
"2019-03-25T00:00:00","2019-03-26T00:00:00",371055
"2019-03-26T00:00:00","2019-03-27T00:00:00",396655
"2019-03-27T00:00:00","2019-03-28T00:00:00",380221
"2019-03-28T00:00:00","2019-03-29T00:00:00",399569
"2019-03-29T00:00:00","2019-03-30T00:00:00",383327
"2019-03-30T00:00:00","2019-03-31T00:00:00",324480
"2019-03-31T00:00:00","2019-04-01T00:00:00",294157
"2019-04-01T00:00:00","2019-04-02T00:00:00",358467
"2019-04-02T00:00:00","2019-04-03T00:00:00",368195
"2019-04-03T00:00:00","2019-04-04T00:00:00",371763
"2019-04-04T00:00:00","2019-04-05T00:00:00",383352
"2019-04-05T00:00:00","2019-04-06T00:00:00",380863
"2019-04-06T00:00:00","2019-04-07T00:00:00",331761
"2019-04-07T00:00:00","2019-04-08T00:00:00",319989
"2019-04-08T00:00:00","2019-04-09T00:00:00",355015
"2019-04-09T00:00:00","2019-04-10T00:00:00",388186
"2019-04-10T00:00:00","2019-04-11T00:00:00",392328
"2019-04-11T00:00:00","2019-04-12T00:00:00",401380
"2019-04-12T00:00:00","2019-04-13T00:00:00",392546
"2019-04-13T00:00:00","2019-04-14T00:00:00",352794
"2019-04-14T00:00:00","2019-04-15T00:00:00",340150
"2019-04-15T00:00:00","2019-04-16T00:00:00",365732
"2019-04-16T00:00:00","2019-04-17T00:00:00",389148
"2019-04-17T00:00:00","2019-04-18T00:00:00",387708
"2019-04-18T00:00:00","2019-04-19T00:00:00",414222
"2019-04-19T00:00:00","2019-04-20T00:00:00",398647
"2019-04-20T00:00:00","2019-04-21T00:00:00",344914
"2019-04-21T00:00:00","2019-04-22T00:00:00",309033
"2019-04-22T00:00:00","2019-04-23T00:00:00",349486
"2019-04-23T00:00:00","2019-04-24T00:00:00",389553
"2019-04-24T00:00:00","2019-04-25T00:00:00",408295
"2019-04-25T00:00:00","2019-04-26T00:00:00",386903
"2019-04-26T00:00:00","2019-04-27T00:00:00",393656
"2019-04-27T00:00:00","2019-04-28T00:00:00",348789
"2019-04-28T00:00:00","2019-04-29T00:00:00",320660
"2019-04-29T00:00:00","2019-04-30T00:00:00",353100
"2019-04-30T00:00:00","2019-05-01T00:00:00",366909
"2019-05-01T00:00:00","2019-05-02T00:00:00",396427
"2019-05-02T00:00:00","2019-05-03T00:00:00",377037
"2019-05-03T00:00:00","2019-05-04T00:00:00",373041
"2019-05-04T00:00:00","2019-05-05T00:00:00",337608
"2019-05-05T00:00:00","2019-05-06T00:00:00",308667
"2019-05-06T00:00:00","2019-05-07T00:00:00",350483
"2019-05-07T00:00:00","2019-05-08T00:00:00",391922
"2019-05-08T00:00:00","2019-05-09T00:00:00",407687
"2019-05-09T00:00:00","2019-05-10T00:00:00",399056
"2019-05-10T00:00:00","2019-05-11T00:00:00",383766
"2019-05-11T00:00:00","2019-05-12T00:00:00",329751
"2019-05-12T00:00:00","2019-05-13T00:00:00",306789
"2019-05-13T00:00:00","2019-05-14T00:00:00",356160
"2019-05-14T00:00:00","2019-05-15T00:00:00",374552
"2019-05-15T00:00:00","2019-05-16T00:00:00",403279
"2019-05-16T00:00:00","2019-05-17T00:00:00",411992
"2019-05-17T00:00:00","2019-05-18T00:00:00",405834
"2019-05-18T00:00:00","2019-05-19T00:00:00",330992
"2019-05-19T00:00:00","2019-05-20T00:00:00",320217
"2019-05-20T00:00:00","2019-05-21T00:00:00",368772
"2019-05-21T00:00:00","2019-05-22T00:00:00",385338
"2019-05-22T00:00:00","2019-05-23T00:00:00",390533
"2019-05-23T00:00:00","2019-05-24T00:00:00",387682
"2019-05-24T00:00:00","2019-05-25T00:00:00",384455
"2019-05-25T00:00:00","2019-05-26T00:00:00",326559
"2019-05-26T00:00:00","2019-05-27T00:00:00",309045
"2019-05-27T00:00:00","2019-05-28T00:00:00",309187
"2019-05-28T00:00:00","2019-05-29T00:00:00",332793
"2019-05-29T00:00:00","2019-05-30T00:00:00",385192
"2019-05-30T00:00:00","2019-05-31T00:00:00",387257
"2019-05-31T00:00:00","2019-06-01T00:00:00",381504
"2019-06-01T00:00:00","2019-06-02T00:00:00",330252
"2019-06-02T00:00:00","2019-06-03T00:00:00",312208
"2019-06-03T00:00:00","2019-06-04T00:00:00",367439
"2019-06-04T00:00:00","2019-06-05T00:00:00",391051
"2019-06-05T00:00:00","2019-06-06T00:00:00",390675
"2019-06-06T00:00:00","2019-06-07T00:00:00",395539
"2019-06-07T00:00:00","2019-06-08T00:00:00",382946
"2019-06-08T00:00:00","2019-06-09T00:00:00",328866
"2019-06-09T00:00:00","2019-06-10T00:00:00",301258
"2019-06-10T00:00:00","2019-06-11T00:00:00",342022
"2019-06-11T00:00:00","2019-06-12T00:00:00",396278
"2019-06-12T00:00:00","2019-06-13T00:00:00",385636
"2019-06-13T00:00:00","2019-06-14T00:00:00",397196
"2019-06-14T00:00:00","2019-06-15T00:00:00",390904
"2019-06-15T00:00:00","2019-06-16T00:00:00",312741
"2019-06-16T00:00:00","2019-06-17T00:00:00",304288
"2019-06-17T00:00:00","2019-06-18T00:00:00",323988
"2019-06-18T00:00:00","2019-06-19T00:00:00",362486
"2019-06-19T00:00:00","2019-06-20T00:00:00",379142
"2019-06-20T00:00:00","2019-06-21T00:00:00",374710
"2019-06-21T00:00:00","2019-06-22T00:00:00",381770
"2019-06-22T00:00:00","2019-06-23T00:00:00",335957
"2019-06-23T00:00:00","2019-06-24T00:00:00",308425
"2019-06-24T00:00:00","2019-06-25T00:00:00",348570
"2019-06-25T00:00:00","2019-06-26T00:00:00",382022
"2019-06-26T00:00:00","2019-06-27T00:00:00",386788
"2019-06-27T00:00:00","2019-06-28T00:00:00",418598
"2019-06-28T00:00:00","2019-06-29T00:00:00",416490
"2019-06-29T00:00:00","2019-06-30T00:00:00",328184
"2019-06-30T00:00:00","2019-07-01T00:00:00",330041
"2019-07-01T00:00:00","2019-07-02T00:00:00",367297
"2019-07-02T00:00:00","2019-07-03T00:00:00",396942
"2019-07-03T00:00:00","2019-07-04T00:00:00",403512
"2019-07-04T00:00:00","2019-07-05T00:00:00",386585
"2019-07-05T00:00:00","2019-07-06T00:00:00",335330
"2019-07-06T00:00:00","2019-07-07T00:00:00",344279
"2019-07-07T00:00:00","2019-07-08T00:00:00",359098
"2019-07-08T00:00:00","2019-07-09T00:00:00",371493
"2019-07-09T00:00:00","2019-07-10T00:00:00",396460
"2019-07-10T00:00:00","2019-07-11T00:00:00",402584
"2019-07-11T00:00:00","2019-07-12T00:00:00",365264
"2019-07-12T00:00:00","2019-07-13T00:00:00",328044
"2019-07-13T00:00:00","2019-07-14T00:00:00",358030
"2019-07-14T00:00:00","2019-07-15T00:00:00",351777
"2019-07-15T00:00:00","2019-07-16T00:00:00",382532
"2019-07-16T00:00:00","2019-07-17T00:00:00",415027
"2019-07-17T00:00:00","2019-07-18T00:00:00",406555
"2019-07-18T00:00:00","2019-07-19T00:00:00",428193
"2019-07-19T00:00:00","2019-07-20T00:00:00",400828
"2019-07-20T00:00:00","2019-07-21T00:00:00",345396
"2019-07-21T00:00:00","2019-07-22T00:00:00",330134
"2019-07-22T00:00:00","2019-07-23T00:00:00",352609
"2019-07-23T00:00:00","2019-07-24T00:00:00",381097
"2019-07-24T00:00:00","2019-07-25T00:00:00",404211
"2019-07-25T00:00:00","2019-07-26T00:00:00",403969
"2019-07-26T00:00:00","2019-07-27T00:00:00",385843
"2019-07-27T00:00:00","2019-07-28T00:00:00",354288
"2019-07-28T00:00:00","2019-07-29T00:00:00",335434
"2019-07-29T00:00:00","2019-07-30T00:00:00",367043
"2019-07-30T00:00:00","2019-07-31T00:00:00",391403
"2019-07-31T00:00:00","2019-08-01T00:00:00",413139
"2019-08-01T00:00:00","2019-08-02T00:00:00",418892
"2019-08-02T00:00:00","2019-08-03T00:00:00",387433
"2019-08-03T00:00:00","2019-08-04T00:00:00",340266
"2019-08-04T00:00:00","2019-08-05T00:00:00",398619
"2019-08-05T00:00:00","2019-08-06T00:00:00",411406
"2019-08-06T00:00:00","2019-08-07T00:00:00",412164
"2019-08-07T00:00:00","2019-08-08T00:00:00",412077
"2019-08-08T00:00:00","2019-08-09T00:00:00",415045
"2019-08-09T00:00:00","2019-08-10T00:00:00",407452
"2019-08-10T00:00:00","2019-08-11T00:00:00",362985
"2019-08-11T00:00:00","2019-08-12T00:00:00",339539
"2019-08-12T00:00:00","2019-08-13T00:00:00",363076
"2019-08-13T00:00:00","2019-08-14T00:00:00",381957
"2019-08-14T00:00:00","2019-08-15T00:00:00",392982
"2019-08-15T00:00:00","2019-08-16T00:00:00",392916
"2019-08-16T00:00:00","2019-08-17T00:00:00",381271
"2019-08-17T00:00:00","2019-08-18T00:00:00",335228
"2019-08-18T00:00:00","2019-08-19T00:00:00",326585
"2019-08-19T00:00:00","2019-08-20T00:00:00",352911
"2019-08-20T00:00:00","2019-08-21T00:00:00",372446
"2019-08-21T00:00:00","2019-08-22T00:00:00",398115
"2019-08-22T00:00:00","2019-08-23T00:00:00",387641
"2019-08-23T00:00:00","2019-08-24T00:00:00",383883
"2019-08-24T00:00:00","2019-08-25T00:00:00",348022
"2019-08-25T00:00:00","2019-08-26T00:00:00",332299
"2019-08-26T00:00:00","2019-08-27T00:00:00",349652
"2019-08-27T00:00:00","2019-08-28T00:00:00",378107
"2019-08-28T00:00:00","2019-08-29T00:00:00",389069
"2019-08-29T00:00:00","2019-08-30T00:00:00",382981
"2019-08-30T00:00:00","2019-08-31T00:00:00",384137
"2019-08-31T00:00:00","2019-09-01T00:00:00",353538
"2019-09-01T00:00:00","2019-09-02T00:00:00",344712
"2019-09-02T00:00:00","2019-09-03T00:00:00",343076
"2019-09-03T00:00:00","2019-09-04T00:00:00",346685
"2019-09-04T00:00:00","2019-09-05T00:00:00",386664
"2019-09-05T00:00:00","2019-09-06T00:00:00",413176
"2019-09-06T00:00:00","2019-09-07T00:00:00",403026
"2019-09-07T00:00:00","2019-09-08T00:00:00",383075
"2019-09-08T00:00:00","2019-09-09T00:00:00",402140
"2019-09-09T00:00:00","2019-09-10T00:00:00",393299
"2019-09-10T00:00:00","2019-09-11T00:00:00",397614
"2019-09-11T00:00:00","2019-09-12T00:00:00",404069
"2019-09-12T00:00:00","2019-09-13T00:00:00",401244
"2019-09-13T00:00:00","2019-09-14T00:00:00",433661
"2019-09-14T00:00:00","2019-09-15T00:00:00",370477
"2019-09-15T00:00:00","2019-09-16T00:00:00",380156
"2019-09-16T00:00:00","2019-09-17T00:00:00",389982
"2019-09-17T00:00:00","2019-09-18T00:00:00",405087
"2019-09-18T00:00:00","2019-09-19T00:00:00",399107
"2019-09-19T00:00:00","2019-09-20T00:00:00",398481
"2019-09-20T00:00:00","2019-09-21T00:00:00",423575
"2019-09-21T00:00:00","2019-09-22T00:00:00",378653
"2019-09-22T00:00:00","2019-09-23T00:00:00",374831
"2019-09-23T00:00:00","2019-09-24T00:00:00",397670
"2019-09-24T00:00:00","2019-09-25T00:00:00",439384
"2019-09-25T00:00:00","2019-09-26T00:00:00",460751
"2019-09-26T00:00:00","2019-09-27T00:00:00",452901
"2019-09-27T00:00:00","2019-09-28T00:00:00",455818
"2019-09-28T00:00:00","2019-09-29T00:00:00",409489
"2019-09-29T00:00:00","2019-09-30T00:00:00",380700
"2019-09-30T00:00:00","2019-10-01T00:00:00",424114
"2019-10-01T00:00:00","2019-10-02T00:00:00",394945
"2019-10-02T00:00:00","2019-10-03T00:00:00",356171
"2019-10-03T00:00:00","2019-10-04T00:00:00",389292
"2019-10-04T00:00:00","2019-10-05T00:00:00",425499
"2019-10-05T00:00:00","2019-10-06T00:00:00",334740
"2019-10-06T00:00:00","2019-10-07T00:00:00",322883
"2019-10-07T00:00:00","2019-10-08T00:00:00",370412
"2019-10-08T00:00:00","2019-10-09T00:00:00",392862
"2019-10-09T00:00:00","2019-10-10T00:00:00",397538
"2019-10-10T00:00:00","2019-10-11T00:00:00",398510
"2019-10-11T00:00:00","2019-10-12T00:00:00",401649
"2019-10-12T00:00:00","2019-10-13T00:00:00",337496
"2019-10-13T00:00:00","2019-10-14T00:00:00",353558
"2019-10-14T00:00:00","2019-10-15T00:00:00",366805
"2019-10-15T00:00:00","2019-10-16T00:00:00",386322
"2019-10-16T00:00:00","2019-10-17T00:00:00",414360
"2019-10-17T00:00:00","2019-10-18T00:00:00",413855
"2019-10-18T00:00:00","2019-10-19T00:00:00",394776
"2019-10-19T00:00:00","2019-10-20T00:00:00",352000
"2019-10-20T00:00:00","2019-10-21T00:00:00",343196
"2019-10-21T00:00:00","2019-10-22T00:00:00",351634
"2019-10-22T00:00:00","2019-10-23T00:00:00",390029
"2019-10-23T00:00:00","2019-10-24T00:00:00",404597
"2019-10-24T00:00:00","2019-10-25T00:00:00",394081
"2019-10-25T00:00:00","2019-10-26T00:00:00",386867
"2019-10-26T00:00:00","2019-10-27T00:00:00",337661
"2019-10-27T00:00:00","2019-10-28T00:00:00",346407
"2019-10-28T00:00:00","2019-10-29T00:00:00",362830
"2019-10-29T00:00:00","2019-10-30T00:00:00",388082
"2019-10-30T00:00:00","2019-10-31T00:00:00",399306
"2019-10-31T00:00:00","2019-11-01T00:00:00",413092
"2019-11-01T00:00:00","2019-11-02T00:00:00",377222
"2019-11-02T00:00:00","2019-11-03T00:00:00",338346
"2019-11-03T00:00:00","2019-11-04T00:00:00",337737
"2019-11-04T00:00:00","2019-11-05T00:00:00",379796
"2019-11-05T00:00:00","2019-11-06T00:00:00",395690
"2019-11-06T00:00:00","2019-11-07T00:00:00",413214
"2019-11-07T00:00:00","2019-11-08T00:00:00",390195
"2019-11-08T00:00:00","2019-11-09T00:00:00",393789
"2019-11-09T00:00:00","2019-11-10T00:00:00",358802
"2019-11-10T00:00:00","2019-11-11T00:00:00",346541
"2019-11-11T00:00:00","2019-11-12T00:00:00",366682
"2019-11-12T00:00:00","2019-11-13T00:00:00",442490
"2019-11-13T00:00:00","2019-11-14T00:00:00",414785
"2019-11-14T00:00:00","2019-11-15T00:00:00",398430
"2019-11-15T00:00:00","2019-11-16T00:00:00",431087
"2019-11-16T00:00:00","2019-11-17T00:00:00",359741
"2019-11-17T00:00:00","2019-11-18T00:00:00",338625
"2019-11-18T00:00:00","2019-11-19T00:00:00",366317
"2019-11-19T00:00:00","2019-11-20T00:00:00",392443
"2019-11-20T00:00:00","2019-11-21T00:00:00",426184
"2019-11-21T00:00:00","2019-11-22T00:00:00",431631
"2019-11-22T00:00:00","2019-11-23T00:00:00",395483
"2019-11-23T00:00:00","2019-11-24T00:00:00",350208
"2019-11-24T00:00:00","2019-11-25T00:00:00",354370
"2019-11-25T00:00:00","2019-11-26T00:00:00",356695
"2019-11-26T00:00:00","2019-11-27T00:00:00",369195
"2019-11-27T00:00:00","2019-11-28T00:00:00",363467
"2019-11-28T00:00:00","2019-11-29T00:00:00",329530
"2019-11-29T00:00:00","2019-11-30T00:00:00",311977
"2019-11-30T00:00:00","2019-12-01T00:00:00",301134
"2019-12-01T00:00:00","2019-12-02T00:00:00",307457
"2019-12-02T00:00:00","2019-12-03T00:00:00",341104
"2019-12-03T00:00:00","2019-12-04T00:00:00",419103
"2019-12-04T00:00:00","2019-12-05T00:00:00",402947
"2019-12-05T00:00:00","2019-12-06T00:00:00",402378
"2019-12-06T00:00:00","2019-12-07T00:00:00",383954
"2019-12-07T00:00:00","2019-12-08T00:00:00",344438
"2019-12-08T00:00:00","2019-12-09T00:00:00",321708
"2019-12-09T00:00:00","2019-12-10T00:00:00",384188
"2019-12-10T00:00:00","2019-12-11T00:00:00",381764
"2019-12-11T00:00:00","2019-12-12T00:00:00",385415
"2019-12-12T00:00:00","2019-12-13T00:00:00",396189
"2019-12-13T00:00:00","2019-12-14T00:00:00",403195
"2019-12-14T00:00:00","2019-12-15T00:00:00",331277
"2019-12-15T00:00:00","2019-12-16T00:00:00",321799
"2019-12-16T00:00:00","2019-12-17T00:00:00",350789
"2019-12-17T00:00:00","2019-12-18T00:00:00",366499
"2019-12-18T00:00:00","2019-12-19T00:00:00",406379
"2019-12-19T00:00:00","2019-12-20T00:00:00",441138
"2019-12-20T00:00:00","2019-12-21T00:00:00",405219
"2019-12-21T00:00:00","2019-12-22T00:00:00",337564
"2019-12-22T00:00:00","2019-12-23T00:00:00",317109
"2019-12-23T00:00:00","2019-12-24T00:00:00",339341
"2019-12-24T00:00:00","2019-12-25T00:00:00",346367
"2019-12-25T00:00:00","2019-12-26T00:00:00",286474
"2019-12-26T00:00:00","2019-12-27T00:00:00",278953
"2019-12-27T00:00:00","2019-12-28T00:00:00",312925
"2019-12-28T00:00:00","2019-12-29T00:00:00",310423
"2019-12-29T00:00:00","2019-12-30T00:00:00",319533
"2019-12-30T00:00:00","2019-12-31T00:00:00",399299
"2019-12-31T00:00:00","2020-01-01T00:00:00",357797
"2020-01-01T00:00:00","2020-01-02T00:00:00",339517
"2020-01-02T00:00:00","2020-01-03T00:00:00",329259
"2020-01-03T00:00:00","2020-01-04T00:00:00",427161
"2020-01-04T00:00:00","2020-01-05T00:00:00",353951
"2020-01-05T00:00:00","2020-01-06T00:00:00",388052
"2020-01-06T00:00:00","2020-01-07T00:00:00",407195
"2020-01-07T00:00:00","2020-01-08T00:00:00",374834
"2020-01-08T00:00:00","2020-01-09T00:00:00",412077
"2020-01-09T00:00:00","2020-01-10T00:00:00",388781
"2020-01-10T00:00:00","2020-01-11T00:00:00",382718
"2020-01-11T00:00:00","2020-01-12T00:00:00",345078
"2020-01-12T00:00:00","2020-01-13T00:00:00",355975
"2020-01-13T00:00:00","2020-01-14T00:00:00",424685
"2020-01-14T00:00:00","2020-01-15T00:00:00",405659
"2020-01-15T00:00:00","2020-01-16T00:00:00",433333
"2020-01-16T00:00:00","2020-01-17T00:00:00",421016
"2020-01-17T00:00:00","2020-01-18T00:00:00",401068
"2020-01-18T00:00:00","2020-01-19T00:00:00",351089
"2020-01-19T00:00:00","2020-01-20T00:00:00",338406
"2020-01-20T00:00:00","2020-01-21T00:00:00",366126
"2020-01-21T00:00:00","2020-01-22T00:00:00",399050
"2020-01-22T00:00:00","2020-01-23T00:00:00",418140
"2020-01-23T00:00:00","2020-01-24T00:00:00",419836
"2020-01-24T00:00:00","2020-01-25T00:00:00",410904
"2020-01-25T00:00:00","2020-01-26T00:00:00",366803
"2020-01-26T00:00:00","2020-01-27T00:00:00",392679
"2020-01-27T00:00:00","2020-01-28T00:00:00",424637
"2020-01-28T00:00:00","2020-01-29T00:00:00",410369
"2020-01-29T00:00:00","2020-01-30T00:00:00",405678
"2020-01-30T00:00:00","2020-01-31T00:00:00",417243
"2020-01-31T00:00:00","2020-02-01T00:00:00",438016
"2020-02-01T00:00:00","2020-02-02T00:00:00",386282
"2020-02-02T00:00:00","2020-02-03T00:00:00",339524
"2020-02-03T00:00:00","2020-02-04T00:00:00",429157
"2020-02-04T00:00:00","2020-02-05T00:00:00",411353
"2020-02-05T00:00:00","2020-02-06T00:00:00",473412
"2020-02-06T00:00:00","2020-02-07T00:00:00",421504
"2020-02-07T00:00:00","2020-02-08T00:00:00",385686
"2020-02-08T00:00:00","2020-02-09T00:00:00",385997
"2020-02-09T00:00:00","2020-02-10T00:00:00",327244
"2020-02-10T00:00:00","2020-02-11T00:00:00",369927
"2020-02-11T00:00:00","2020-02-12T00:00:00",386859
"2020-02-12T00:00:00","2020-02-13T00:00:00",413729
"2020-02-13T00:00:00","2020-02-14T00:00:00",388881
"2020-02-14T00:00:00","2020-02-15T00:00:00",392058
"2020-02-15T00:00:00","2020-02-16T00:00:00",327359
"2020-02-16T00:00:00","2020-02-17T00:00:00",320306
"2020-02-17T00:00:00","2020-02-18T00:00:00",335687
"2020-02-18T00:00:00","2020-02-19T00:00:00",367475
"2020-02-19T00:00:00","2020-02-20T00:00:00",378605
"2020-02-20T00:00:00","2020-02-21T00:00:00",423458
"2020-02-21T00:00:00","2020-02-22T00:00:00",385753
"2020-02-22T00:00:00","2020-02-23T00:00:00",342791
"2020-02-23T00:00:00","2020-02-24T00:00:00",343074
"2020-02-24T00:00:00","2020-02-25T00:00:00",352799
"2020-02-25T00:00:00","2020-02-26T00:00:00",379744
"2020-02-26T00:00:00","2020-02-27T00:00:00",407356
"2020-02-27T00:00:00","2020-02-28T00:00:00",382975
"2020-02-28T00:00:00","2020-02-29T00:00:00",388427
"2020-02-29T00:00:00","2020-03-01T00:00:00",362561
"2020-03-01T00:00:00","2020-03-02T00:00:00",350195
"2020-03-02T00:00:00","2020-03-03T00:00:00",390281
"2020-03-03T00:00:00","2020-03-04T00:00:00",420579
"2020-03-04T00:00:00","2020-03-05T00:00:00",437514
"2020-03-05T00:00:00","2020-03-06T00:00:00",437739
"2020-03-06T00:00:00","2020-03-07T00:00:00",428641
"2020-03-07T00:00:00","2020-03-08T00:00:00",390263
"2020-03-08T00:00:00","2020-03-09T00:00:00",371331
"2020-03-09T00:00:00","2020-03-10T00:00:00",392656
"2020-03-10T00:00:00","2020-03-11T00:00:00",425312
"2020-03-11T00:00:00","2020-03-12T00:00:00",473771
"2020-03-12T00:00:00","2020-03-13T00:00:00",552018
"2020-03-13T00:00:00","2020-03-14T00:00:00",552570
"2020-03-14T00:00:00","2020-03-15T00:00:00",456803
"2020-03-15T00:00:00","2020-03-16T00:00:00",444738
"2020-03-16T00:00:00","2020-03-17T00:00:00",536732
"2020-03-17T00:00:00","2020-03-18T00:00:00",518259
"2020-03-18T00:00:00","2020-03-19T00:00:00",516481
"2020-03-19T00:00:00","2020-03-20T00:00:00",506279
"2020-03-20T00:00:00","2020-03-21T00:00:00",529590
"2020-03-21T00:00:00","2020-03-22T00:00:00",468207
"2020-03-22T00:00:00","2020-03-23T00:00:00",461856
"2020-03-23T00:00:00","2020-03-24T00:00:00",512059
"2020-03-24T00:00:00","2020-03-25T00:00:00",546540
"2020-03-25T00:00:00","2020-03-26T00:00:00",517459
"2020-03-26T00:00:00","2020-03-27T00:00:00",520072
"2020-03-27T00:00:00","2020-03-28T00:00:00",506479
"2020-03-28T00:00:00","2020-03-29T00:00:00",459537
"2020-03-29T00:00:00","2020-03-30T00:00:00",414725
"2020-03-30T00:00:00","2020-03-31T00:00:00",476791
"2020-03-31T00:00:00","2020-04-01T00:00:00",476755
"2020-04-01T00:00:00","2020-04-02T00:00:00",491567
"2020-04-02T00:00:00","2020-04-03T00:00:00",475959
"2020-04-03T00:00:00","2020-04-04T00:00:00",483844
"2020-04-04T00:00:00","2020-04-05T00:00:00",442342
"2020-04-05T00:00:00","2020-04-06T00:00:00",418610
"2020-04-06T00:00:00","2020-04-07T00:00:00",445973
"2020-04-07T00:00:00","2020-04-08T00:00:00",468959
"2020-04-08T00:00:00","2020-04-09T00:00:00",477341
"2020-04-09T00:00:00","2020-04-10T00:00:00",443523
"2020-04-10T00:00:00","2020-04-11T00:00:00",437514
"2020-04-11T00:00:00","2020-04-12T00:00:00",396897
"2020-04-12T00:00:00","2020-04-13T00:00:00",374634
"2020-04-13T00:00:00","2020-04-14T00:00:00",406420
"2020-04-14T00:00:00","2020-04-15T00:00:00",454576
"2020-04-15T00:00:00","2020-04-16T00:00:00",442752
"2020-04-16T00:00:00","2020-04-17T00:00:00",439946
"2020-04-17T00:00:00","2020-04-18T00:00:00",440428
"2020-04-18T00:00:00","2020-04-19T00:00:00",411201
"2020-04-19T00:00:00","2020-04-20T00:00:00",390153
"2020-04-20T00:00:00","2020-04-21T00:00:00",424377
"2020-04-21T00:00:00","2020-04-22T00:00:00",418522
"2020-04-22T00:00:00","2020-04-23T00:00:00",431491
"2020-04-23T00:00:00","2020-04-24T00:00:00",428964
"2020-04-24T00:00:00","2020-04-25T00:00:00",466529
"2020-04-25T00:00:00","2020-04-26T00:00:00",410849
"2020-04-26T00:00:00","2020-04-27T00:00:00",366756
"2020-04-27T00:00:00","2020-04-28T00:00:00",400084
"2020-04-28T00:00:00","2020-04-29T00:00:00",401427
"2020-04-29T00:00:00","2020-04-30T00:00:00",382337
"2020-04-30T00:00:00","2020-05-01T00:00:00",415520
"2020-05-01T00:00:00","2020-05-02T00:00:00",425257
"2020-05-02T00:00:00","2020-05-03T00:00:00",382804
"2020-05-03T00:00:00","2020-05-04T00:00:00",367391
"2020-05-04T00:00:00","2020-05-05T00:00:00",393494
"2020-05-05T00:00:00","2020-05-06T00:00:00",412399
"2020-05-06T00:00:00","2020-05-07T00:00:00",408329
"2020-05-07T00:00:00","2020-05-08T00:00:00",423605
"2020-05-08T00:00:00","2020-05-09T00:00:00",422049
"2020-05-09T00:00:00","2020-05-10T00:00:00",372539
"2020-05-10T00:00:00","2020-05-11T00:00:00",356466
"2020-05-11T00:00:00","2020-05-12T00:00:00",397191
"2020-05-12T00:00:00","2020-05-13T00:00:00",432720
"2020-05-13T00:00:00","2020-05-14T00:00:00",420318
"2020-05-14T00:00:00","2020-05-15T00:00:00",431752
"2020-05-15T00:00:00","2020-05-16T00:00:00",420423
"2020-05-16T00:00:00","2020-05-17T00:00:00",382265
"2020-05-17T00:00:00","2020-05-18T00:00:00",375432
"2020-05-18T00:00:00","2020-05-19T00:00:00",401440
"2020-05-19T00:00:00","2020-05-20T00:00:00",422369
"2020-05-20T00:00:00","2020-05-21T00:00:00",427891
"2020-05-21T00:00:00","2020-05-22T00:00:00",433435
"2020-05-22T00:00:00","2020-05-23T00:00:00",427372
"2020-05-23T00:00:00","2020-05-24T00:00:00",368682
"2020-05-24T00:00:00","2020-05-25T00:00:00",355572
"2020-05-25T00:00:00","2020-05-26T00:00:00",366263
"2020-05-26T00:00:00","2020-05-27T00:00:00",402359
"2020-05-27T00:00:00","2020-05-28T00:00:00",454633
"2020-05-28T00:00:00","2020-05-29T00:00:00",502368
"2020-05-29T00:00:00","2020-05-30T00:00:00",588757
"2020-05-30T00:00:00","2020-05-31T00:00:00",605238
"2020-05-31T00:00:00","2020-06-01T00:00:00",796136
"2020-06-01T00:00:00","2020-06-02T00:00:00",764774
"2020-06-02T00:00:00","2020-06-03T00:00:00",877722
"2020-06-03T00:00:00","2020-06-04T00:00:00",784491
"2020-06-04T00:00:00","2020-06-05T00:00:00",704094
"2020-06-05T00:00:00","2020-06-06T00:00:00",667308
"2020-06-06T00:00:00","2020-06-07T00:00:00",566805
"2020-06-07T00:00:00","2020-06-08T00:00:00",575386
"2020-06-08T00:00:00","2020-06-09T00:00:00",583024
"2020-06-09T00:00:00","2020-06-10T00:00:00",558784
"2020-06-10T00:00:00","2020-06-11T00:00:00",550820
"2020-06-11T00:00:00","2020-06-12T00:00:00",583729
"2020-06-12T00:00:00","2020-06-13T00:00:00",555662
"2020-06-13T00:00:00","2020-06-14T00:00:00",504578
"2020-06-14T00:00:00","2020-06-15T00:00:00",481625
"2020-06-15T00:00:00","2020-06-16T00:00:00",496960
"2020-06-16T00:00:00","2020-06-17T00:00:00",501851
"2020-06-17T00:00:00","2020-06-18T00:00:00",494933
"2020-06-18T00:00:00","2020-06-19T00:00:00",516131
"2020-06-19T00:00:00","2020-06-20T00:00:00",499382
"2020-06-20T00:00:00","2020-06-21T00:00:00",479616
"2020-06-21T00:00:00","2020-06-22T00:00:00",480450
"2020-06-22T00:00:00","2020-06-23T00:00:00",461376
"2020-06-23T00:00:00","2020-06-24T00:00:00",491740
"2020-06-24T00:00:00","2020-06-25T00:00:00",528632
"2020-06-25T00:00:00","2020-06-26T00:00:00",508695
"2020-06-26T00:00:00","2020-06-27T00:00:00",496297
"2020-06-27T00:00:00","2020-06-28T00:00:00",468123
"2020-06-28T00:00:00","2020-06-29T00:00:00",449902
"2020-06-29T00:00:00","2020-06-30T00:00:00",488749
"2020-06-30T00:00:00","2020-07-01T00:00:00",502895
"2020-07-01T00:00:00","2020-07-02T00:00:00",499688
"2020-07-02T00:00:00","2020-07-03T00:00:00",495817
"2020-07-03T00:00:00","2020-07-04T00:00:00",474814
"2020-07-04T00:00:00","2020-07-05T00:00:00",460313
"2020-07-05T00:00:00","2020-07-06T00:00:00",416863
"2020-07-06T00:00:00","2020-07-07T00:00:00",452743
"2020-07-07T00:00:00","2020-07-08T00:00:00",485520
"2020-07-08T00:00:00","2020-07-09T00:00:00",488532
"2020-07-09T00:00:00","2020-07-10T00:00:00",487662
"2020-07-10T00:00:00","2020-07-11T00:00:00",465022
"2020-07-11T00:00:00","2020-07-12T00:00:00",440078
"2020-07-12T00:00:00","2020-07-13T00:00:00",409876
"2020-07-13T00:00:00","2020-07-14T00:00:00",437171
"2020-07-14T00:00:00","2020-07-15T00:00:00",469220
"2020-07-15T00:00:00","2020-07-16T00:00:00",481233
"2020-07-16T00:00:00","2020-07-17T00:00:00",471521
"2020-07-17T00:00:00","2020-07-18T00:00:00",491355
"2020-07-18T00:00:00","2020-07-19T00:00:00",457146
"2020-07-19T00:00:00","2020-07-20T00:00:00",407426
"2020-07-20T00:00:00","2020-07-21T00:00:00",454661
"2020-07-21T00:00:00","2020-07-22T00:00:00",478539
"2020-07-22T00:00:00","2020-07-23T00:00:00",492673
"2020-07-23T00:00:00","2020-07-24T00:00:00",538996
"2020-07-24T00:00:00","2020-07-25T00:00:00",505723
"2020-07-25T00:00:00","2020-07-26T00:00:00",450693
"2020-07-26T00:00:00","2020-07-27T00:00:00",451513
"2020-07-27T00:00:00","2020-07-28T00:00:00",459870
"2020-07-28T00:00:00","2020-07-29T00:00:00",495200
"2020-07-29T00:00:00","2020-07-30T00:00:00",496829
"2020-07-30T00:00:00","2020-07-31T00:00:00",508363
"2020-07-31T00:00:00","2020-08-01T00:00:00",495566
"2020-08-01T00:00:00","2020-08-02T00:00:00",428399
"2020-08-02T00:00:00","2020-08-03T00:00:00",397014
"2020-08-03T00:00:00","2020-08-04T00:00:00",421184
"2020-08-04T00:00:00","2020-08-05T00:00:00",454243
"2020-08-05T00:00:00","2020-08-06T00:00:00",469142
"2020-08-06T00:00:00","2020-08-07T00:00:00",480415
"2020-08-07T00:00:00","2020-08-08T00:00:00",459372
"2020-08-08T00:00:00","2020-08-09T00:00:00",411978
"2020-08-09T00:00:00","2020-08-10T00:00:00",401108
"2020-08-10T00:00:00","2020-08-11T00:00:00",427726
"2020-08-11T00:00:00","2020-08-12T00:00:00",489211
"2020-08-12T00:00:00","2020-08-13T00:00:00",490080
"2020-08-13T00:00:00","2020-08-14T00:00:00",480249
"2020-08-14T00:00:00","2020-08-15T00:00:00",498119
"2020-08-15T00:00:00","2020-08-16T00:00:00",446225
"2020-08-16T00:00:00","2020-08-17T00:00:00",411670
"2020-08-17T00:00:00","2020-08-18T00:00:00",442213
"2020-08-18T00:00:00","2020-08-19T00:00:00",499985
"2020-08-19T00:00:00","2020-08-20T00:00:00",496715
"2020-08-20T00:00:00","2020-08-21T00:00:00",518215
"2020-08-21T00:00:00","2020-08-22T00:00:00",510728
"2020-08-22T00:00:00","2020-08-23T00:00:00",425880
"2020-08-23T00:00:00","2020-08-24T00:00:00",425468
"2020-08-24T00:00:00","2020-08-25T00:00:00",473812
"2020-08-25T00:00:00","2020-08-26T00:00:00",488688
"2020-08-26T00:00:00","2020-08-27T00:00:00",524856
"2020-08-27T00:00:00","2020-08-28T00:00:00",581797
"2020-08-28T00:00:00","2020-08-29T00:00:00",569116
"2020-08-29T00:00:00","2020-08-30T00:00:00",479230
"2020-08-30T00:00:00","2020-08-31T00:00:00",450000
"2020-08-31T00:00:00","2020-09-01T00:00:00",493166
"2020-09-01T00:00:00","2020-09-02T00:00:00",494072
"2020-09-02T00:00:00","2020-09-03T00:00:00",482906
"2020-09-03T00:00:00","2020-09-04T00:00:00",488949
"2020-09-04T00:00:00","2020-09-05T00:00:00",495044
"2020-09-05T00:00:00","2020-09-06T00:00:00",441619
"2020-09-06T00:00:00","2020-09-07T00:00:00",405120
"2020-09-07T00:00:00","2020-09-08T00:00:00",416583
"2020-09-08T00:00:00","2020-09-09T00:00:00",460047
"2020-09-09T00:00:00","2020-09-10T00:00:00",506231
"2020-09-10T00:00:00","2020-09-11T00:00:00",528038
"2020-09-11T00:00:00","2020-09-12T00:00:00",523205
"2020-09-12T00:00:00","2020-09-13T00:00:00",465028
"2020-09-13T00:00:00","2020-09-14T00:00:00",472567
"2020-09-14T00:00:00","2020-09-15T00:00:00",473034
"2020-09-15T00:00:00","2020-09-16T00:00:00",502697
"2020-09-16T00:00:00","2020-09-17T00:00:00",514850
"2020-09-17T00:00:00","2020-09-18T00:00:00",492130
"2020-09-18T00:00:00","2020-09-19T00:00:00",479977
"2020-09-19T00:00:00","2020-09-20T00:00:00",534204
"2020-09-20T00:00:00","2020-09-21T00:00:00",417806
"2020-09-21T00:00:00","2020-09-22T00:00:00",479504
"2020-09-22T00:00:00","2020-09-23T00:00:00",478544
"2020-09-23T00:00:00","2020-09-24T00:00:00",498095
"2020-09-24T00:00:00","2020-09-25T00:00:00",526050
"2020-09-25T00:00:00","2020-09-26T00:00:00",488412
"2020-09-26T00:00:00","2020-09-27T00:00:00",420584
"2020-09-27T00:00:00","2020-09-28T00:00:00",430271
"2020-09-28T00:00:00","2020-09-29T00:00:00",538073
"2020-09-29T00:00:00","2020-09-30T00:00:00",480322
"2020-09-30T00:00:00","2020-10-01T00:00:00",746606
"2020-10-01T00:00:00","2020-10-02T00:00:00",503193
"2020-10-02T00:00:00","2020-10-03T00:00:00",621583
"2020-10-03T00:00:00","2020-10-04T00:00:00",562546
"2020-10-04T00:00:00","2020-10-05T00:00:00",521598
"2020-10-05T00:00:00","2020-10-06T00:00:00",551382
"2020-10-06T00:00:00","2020-10-07T00:00:00",577788
"2020-10-07T00:00:00","2020-10-08T00:00:00",577562
"2020-10-08T00:00:00","2020-10-09T00:00:00",705227
"2020-10-09T00:00:00","2020-10-10T00:00:00",530147
"2020-10-10T00:00:00","2020-10-11T00:00:00",479994
"2020-10-11T00:00:00","2020-10-12T00:00:00",444884
"2020-10-12T00:00:00","2020-10-13T00:00:00",546424
"2020-10-13T00:00:00","2020-10-14T00:00:00",513155
"2020-10-14T00:00:00","2020-10-15T00:00:00",511032
"2020-10-15T00:00:00","2020-10-16T00:00:00",511055
"2020-10-16T00:00:00","2020-10-17T00:00:00",480817
"2020-10-17T00:00:00","2020-10-18T00:00:00",450982
"2020-10-18T00:00:00","2020-10-19T00:00:00",446213
"2020-10-19T00:00:00","2020-10-20T00:00:00",477601
"2020-10-20T00:00:00","2020-10-21T00:00:00",496842
"2020-10-21T00:00:00","2020-10-22T00:00:00",488920
"2020-10-22T00:00:00","2020-10-23T00:00:00",457591
"2020-10-23T00:00:00","2020-10-24T00:00:00",533171
"2020-10-24T00:00:00","2020-10-25T00:00:00",384227
"2020-10-25T00:00:00","2020-10-26T00:00:00",400141
"2020-10-26T00:00:00","2020-10-27T00:00:00",446131
"2020-10-27T00:00:00","2020-10-28T00:00:00",471923
"2020-10-28T00:00:00","2020-10-29T00:00:00",467172
"2020-10-29T00:00:00","2020-10-30T00:00:00",439429
"2020-10-30T00:00:00","2020-10-31T00:00:00",439858
"2020-10-31T00:00:00","2020-11-01T00:00:00",395799
